ISBN,CopyNo,OnLoan
1,1,N
1,2,N
1,3,N
1,4,N
1,5,Y
1,6,N
1,7,N
1,8,N
1,9,N
1,10,Y
2,1,N
2,2,N
2,3,N
2,4,Y
2,5,N
2,6,N
2,7,N
2,8,N
2,9,Y
2,10,N
3,1,N
3,2,N
3,3,Y
3,4,N
3,5,N
3,6,N
3,7,N
3,8,Y
3,9,N
3,10,N
4,1,N
4,2,Y
4,3,N
4,4,N
4,5,N
4,6,N
4,7,Y
4,8,N
4,9,N
4,10,N
5,1,Y
5,2,N
5,3,N
5,4,N
5,5,N
5,6,Y
5,7,N
5,8,N
5,9,N
5,10,N
6,1,N
6,2,N
6,3,N
6,4,N
6,5,Y
6,6,N
6,7,N
6,8,N
6,9,N
6,10,Y
7,1,N
7,2,N
7,3,N
7,4,Y
7,5,N
7,6,N
7,7,N
7,8,N
7,9,Y
7,10,N
8,1,N
8,2,N
8,3,Y
8,4,N
8,5,N
8,6,N
8,7,N
8,8,Y
8,9,N
8,10,N
9,1,N
9,2,Y
9,3,N
9,4,N
9,5,N
9,6,N
9,7,Y
9,8,N
9,9,N
9,10,N
10,1,Y
10,2,N
10,3,N
10,4,N
10,5,N
10,6,Y
10,7,N
10,8,N
10,9,N
10,10,N
11,1,N
11,2,N
11,3,N
11,4,N
11,5,Y
11,6,N
11,7,N
11,8,N
11,9,N
11,10,Y
12,1,N
12,2,N
12,3,N
12,4,Y
12,5,N
12,6,N
12,7,N
12,8,N
12,9,Y
12,10,N
13,1,N
13,2,N
13,3,Y
13,4,N
13,5,N
13,6,N
13,7,N
13,8,Y
13,9,N
13,10,N
14,1,N
14,2,Y
14,3,N
14,4,N
14,5,N
14,6,N
14,7,Y
14,8,N
14,9,N
14,10,N
15,1,Y
15,2,N
15,3,N
15,4,N
15,5,N
15,6,Y
15,7,N
15,8,N
15,9,N
15,10,N
16,1,N
16,2,N
16,3,N
16,4,N
16,5,Y
16,6,N
16,7,N
16,8,N
16,9,N
16,10,Y
17,1,N
17,2,N
17,3,N
17,4,Y
17,5,N
17,6,N
17,7,N
17,8,N
17,9,Y
17,10,N
18,1,N
18,2,N
18,3,Y
18,4,N
18,5,N
18,6,N
18,7,N
18,8,Y
18,9,N
18,10,N
19,1,N
19,2,Y
19,3,N
19,4,N
19,5,N
19,6,N
19,7,Y
19,8,N
19,9,N
19,10,N
20,1,Y
20,2,N
20,3,N
20,4,N
20,5,N
20,6,Y
20,7,N
20,8,N
20,9,N
20,10,N
21,1,N
21,2,N
21,3,N
21,4,N
21,5,Y
21,6,N
21,7,N
21,8,N
21,9,N
21,10,Y
22,1,N
22,2,N
22,3,N
22,4,Y
22,5,N
22,6,N
22,7,N
22,8,N
22,9,Y
22,10,N
23,1,N
23,2,N
23,3,Y
23,4,N
23,5,N
23,6,N
23,7,N
23,8,Y
23,9,N
23,10,N
24,1,N
24,2,Y
24,3,N
24,4,N
24,5,N
24,6,N
24,7,Y
24,8,N
24,9,N
24,10,N
25,1,Y
25,2,N
25,3,N
25,4,N
25,5,N
25,6,Y
25,7,N
25,8,N
25,9,N
25,10,N
26,1,N
26,2,N
26,3,N
26,4,N
26,5,Y
26,6,N
26,7,N
26,8,N
26,9,N
26,10,Y
27,1,N
27,2,N
27,3,N
27,4,Y
27,5,N
27,6,N
27,7,N
27,8,N
27,9,Y
27,10,N
28,1,N
28,2,N
28,3,Y
28,4,N
28,5,N
28,6,N
28,7,N
28,8,Y
28,9,N
28,10,N
29,1,N
29,2,Y
29,3,N
29,4,N
29,5,N
29,6,N
29,7,Y
29,8,N
29,9,N
29,10,N
30,1,Y
30,2,N
30,3,N
30,4,N
30,5,N
30,6,Y
30,7,N
30,8,N
30,9,N
30,10,N
31,1,N
31,2,N
31,3,N
31,4,N
31,5,Y
31,6,N
31,7,N
31,8,N
31,9,N
31,10,Y
32,1,N
32,2,N
32,3,N
32,4,Y
32,5,N
32,6,N
32,7,N
32,8,N
32,9,Y
32,10,N
33,1,N
33,2,N
33,3,Y
33,4,N
33,5,N
33,6,N
33,7,N
33,8,Y
33,9,N
33,10,N
34,1,N
34,2,Y
34,3,N
34,4,N
34,5,N
34,6,N
34,7,Y
34,8,N
34,9,N
34,10,N
35,1,Y
35,2,N
35,3,N
35,4,N
35,5,N
35,6,Y
35,7,N
35,8,N
35,9,N
35,10,N
36,1,N
36,2,N
36,3,N
36,4,N
36,5,Y
36,6,N
36,7,N
36,8,N
36,9,N
36,10,Y
37,1,N
37,2,N
37,3,N
37,4,Y
37,5,N
37,6,N
37,7,N
37,8,N
37,9,Y
37,10,N
38,1,N
38,2,N
38,3,Y
38,4,N
38,5,N
38,6,N
38,7,N
38,8,Y
38,9,N
38,10,N
39,1,N
39,2,Y
39,3,N
39,4,N
39,5,N
39,6,N
39,7,Y
39,8,N
39,9,N
39,10,N
40,1,Y
40,2,N
40,3,N
40,4,N
40,5,N
40,6,Y
40,7,N
40,8,N
40,9,N
40,10,N
41,1,N
41,2,N
41,3,N
41,4,N
41,5,Y
41,6,N
41,7,N
41,8,N
41,9,N
41,10,Y
42,1,N
42,2,N
42,3,N
42,4,Y
42,5,N
42,6,N
42,7,N
42,8,N
42,9,Y
42,10,N
43,1,N
43,2,N
43,3,Y
43,4,N
43,5,N
43,6,N
43,7,N
43,8,Y
43,9,N
43,10,N
44,1,N
44,2,Y
44,3,N
44,4,N
44,5,N
44,6,N
44,7,Y
44,8,N
44,9,N
44,10,N
45,1,Y
45,2,N
45,3,N
45,4,N
45,5,N
45,6,Y
45,7,N
45,8,N
45,9,N
45,10,N
46,1,N
46,2,N
46,3,N
46,4,N
46,5,Y
46,6,N
46,7,N
46,8,N
46,9,N
46,10,Y
47,1,N
47,2,N
47,3,N
47,4,Y
47,5,N
47,6,N
47,7,N
47,8,N
47,9,Y
47,10,N
48,1,N
48,2,N
48,3,Y
48,4,N
48,5,N
48,6,N
48,7,N
48,8,Y
48,9,N
48,10,N
49,1,N
49,2,Y
49,3,N
49,4,N
49,5,N
49,6,N
49,7,Y
49,8,N
49,9,N
49,10,N
50,1,Y
50,2,N
50,3,N
50,4,N
50,5,N
50,6,Y
50,7,N
50,8,N
50,9,N
50,10,N
51,1,N
51,2,N
51,3,N
51,4,N
51,5,Y
51,6,N
51,7,N
51,8,N
51,9,N
51,10,Y
52,1,N
52,2,N
52,3,N
52,4,Y
52,5,N
52,6,N
52,7,N
52,8,N
52,9,Y
52,10,N
53,1,N
53,2,N
53,3,Y
53,4,N
53,5,N
53,6,N
53,7,N
53,8,Y
53,9,N
53,10,N
54,1,N
54,2,Y
54,3,N
54,4,N
54,5,N
54,6,N
54,7,Y
54,8,N
54,9,N
54,10,N
55,1,Y
55,2,N
55,3,N
55,4,N
55,5,N
55,6,Y
55,7,N
55,8,N
55,9,N
55,10,N
56,1,N
56,2,N
56,3,N
56,4,N
56,5,Y
56,6,N
56,7,N
56,8,N
56,9,N
56,10,Y
57,1,N
57,2,N
57,3,N
57,4,Y
57,5,N
57,6,N
57,7,N
57,8,N
57,9,Y
57,10,N
58,1,N
58,2,N
58,3,Y
58,4,N
58,5,N
58,6,N
58,7,N
58,8,Y
58,9,N
58,10,N
59,1,N
59,2,Y
59,3,N
59,4,N
59,5,N
59,6,N
59,7,Y
59,8,N
59,9,N
59,10,N
60,1,Y
60,2,N
60,3,N
60,4,N
60,5,N
60,6,Y
60,7,N
60,8,N
60,9,N
60,10,N
61,1,N
61,2,N
61,3,N
61,4,N
61,5,Y
61,6,N
61,7,N
61,8,N
61,9,N
61,10,Y
62,1,N
62,2,N
62,3,N
62,4,Y
62,5,N
62,6,N
62,7,N
62,8,N
62,9,Y
62,10,N
63,1,N
63,2,N
63,3,Y
63,4,N
63,5,N
63,6,N
63,7,N
63,8,Y
63,9,N
63,10,N
64,1,N
64,2,Y
64,3,N
64,4,N
64,5,N
64,6,N
64,7,Y
64,8,N
64,9,N
64,10,N
65,1,Y
65,2,N
65,3,N
65,4,N
65,5,N
65,6,Y
65,7,N
65,8,N
65,9,N
65,10,N
66,1,N
66,2,N
66,3,N
66,4,N
66,5,Y
66,6,N
66,7,N
66,8,N
66,9,N
66,10,Y
67,1,N
67,2,N
67,3,N
67,4,Y
67,5,N
67,6,N
67,7,N
67,8,N
67,9,Y
67,10,N
68,1,N
68,2,N
68,3,Y
68,4,N
68,5,N
68,6,N
68,7,N
68,8,Y
68,9,N
68,10,N
69,1,N
69,2,Y
69,3,N
69,4,N
69,5,N
69,6,N
69,7,Y
69,8,N
69,9,N
69,10,N
70,1,Y
70,2,N
70,3,N
70,4,N
70,5,N
70,6,Y
70,7,N
70,8,N
70,9,N
70,10,N
71,1,N
71,2,N
71,3,N
71,4,N
71,5,Y
71,6,N
71,7,N
71,8,N
71,9,N
71,10,Y
72,1,N
72,2,N
72,3,N
72,4,Y
72,5,N
72,6,N
72,7,N
72,8,N
72,9,Y
72,10,N
73,1,N
73,2,N
73,3,Y
73,4,N
73,5,N
73,6,N
73,7,N
73,8,Y
73,9,N
73,10,N
74,1,N
74,2,Y
74,3,N
74,4,N
74,5,N
74,6,N
74,7,Y
74,8,N
74,9,N
74,10,N
75,1,Y
75,2,N
75,3,N
75,4,N
75,5,N
75,6,Y
75,7,N
75,8,N
75,9,N
75,10,N
76,1,N
76,2,N
76,3,N
76,4,N
76,5,Y
76,6,N
76,7,N
76,8,N
76,9,N
76,10,Y
77,1,N
77,2,N
77,3,N
77,4,Y
77,5,N
77,6,N
77,7,N
77,8,N
77,9,Y
77,10,N
78,1,N
78,2,N
78,3,Y
78,4,N
78,5,N
78,6,N
78,7,N
78,8,Y
78,9,N
78,10,N
79,1,N
79,2,Y
79,3,N
79,4,N
79,5,N
79,6,N
79,7,Y
79,8,N
79,9,N
79,10,N
80,1,Y
80,2,N
80,3,N
80,4,N
80,5,N
80,6,Y
80,7,N
80,8,N
80,9,N
80,10,N
81,1,N
81,2,N
81,3,N
81,4,N
81,5,Y
81,6,N
81,7,N
81,8,N
81,9,N
81,10,Y
82,1,N
82,2,N
82,3,N
82,4,Y
82,5,N
82,6,N
82,7,N
82,8,N
82,9,Y
82,10,N
83,1,N
83,2,N
83,3,Y
83,4,N
83,5,N
83,6,N
83,7,N
83,8,Y
83,9,N
83,10,N
84,1,N
84,2,Y
84,3,N
84,4,N
84,5,N
84,6,N
84,7,Y
84,8,N
84,9,N
84,10,N
85,1,Y
85,2,N
85,3,N
85,4,N
85,5,N
85,6,Y
85,7,N
85,8,N
85,9,N
85,10,N
86,1,N
86,2,N
86,3,N
86,4,N
86,5,Y
86,6,N
86,7,N
86,8,N
86,9,N
86,10,Y
87,1,N
87,2,N
87,3,N
87,4,Y
87,5,N
87,6,N
87,7,N
87,8,N
87,9,Y
87,10,N
88,1,N
88,2,N
88,3,Y
88,4,N
88,5,N
88,6,N
88,7,N
88,8,Y
88,9,N
88,10,N
89,1,N
89,2,Y
89,3,N
89,4,N
89,5,N
89,6,N
89,7,Y
89,8,N
89,9,N
89,10,N
90,1,Y
90,2,N
90,3,N
90,4,N
90,5,N
90,6,Y
90,7,N
90,8,N
90,9,N
90,10,N
91,1,N
91,2,N
91,3,N
91,4,N
91,5,Y
91,6,N
91,7,N
91,8,N
91,9,N
91,10,Y
92,1,N
92,2,N
92,3,N
92,4,Y
92,5,N
92,6,N
92,7,N
92,8,N
92,9,Y
92,10,N
93,1,N
93,2,N
93,3,Y
93,4,N
93,5,N
93,6,N
93,7,N
93,8,Y
93,9,N
93,10,N
94,1,N
94,2,Y
94,3,N
94,4,N
94,5,N
94,6,N
94,7,Y
94,8,N
94,9,N
94,10,N
95,1,Y
95,2,N
95,3,N
95,4,N
95,5,N
95,6,Y
95,7,N
95,8,N
95,9,N
95,10,N
96,1,N
96,2,N
96,3,N
96,4,N
96,5,Y
96,6,N
96,7,N
96,8,N
96,9,N
96,10,Y
97,1,N
97,2,N
97,3,N
97,4,Y
97,5,N
97,6,N
97,7,N
97,8,N
97,9,Y
97,10,N
98,1,N
98,2,N
98,3,Y
98,4,N
98,5,N
98,6,N
98,7,N
98,8,Y
98,9,N
98,10,N
99,1,N
99,2,Y
99,3,N
99,4,N
99,5,N
99,6,N
99,7,Y
99,8,N
99,9,N
99,10,N
100,1,Y
100,2,N
100,3,N
100,4,N
100,5,N
100,6,Y
100,7,N
100,8,N
100,9,N
100,10,N
101,1,N
101,2,N
101,3,N
101,4,N
101,5,Y
101,6,N
101,7,N
101,8,N
101,9,N
101,10,Y
102,1,N
102,2,N
102,3,N
102,4,Y
102,5,N
102,6,N
102,7,N
102,8,N
102,9,Y
102,10,N
103,1,N
103,2,N
103,3,Y
103,4,N
103,5,N
103,6,N
103,7,N
103,8,Y
103,9,N
103,10,N
104,1,N
104,2,Y
104,3,N
104,4,N
104,5,N
104,6,N
104,7,Y
104,8,N
104,9,N
104,10,N
105,1,Y
105,2,N
105,3,N
105,4,N
105,5,N
105,6,Y
105,7,N
105,8,N
105,9,N
105,10,N
106,1,N
106,2,N
106,3,N
106,4,N
106,5,Y
106,6,N
106,7,N
106,8,N
106,9,N
106,10,Y
107,1,N
107,2,N
107,3,N
107,4,Y
107,5,N
107,6,N
107,7,N
107,8,N
107,9,Y
107,10,N
108,1,N
108,2,N
108,3,Y
108,4,N
108,5,N
108,6,N
108,7,N
108,8,Y
108,9,N
108,10,N
109,1,N
109,2,Y
109,3,N
109,4,N
109,5,N
109,6,N
109,7,Y
109,8,N
109,9,N
109,10,N
110,1,Y
110,2,N
110,3,N
110,4,N
110,5,N
110,6,Y
110,7,N
110,8,N
110,9,N
110,10,N
111,1,N
111,2,N
111,3,N
111,4,N
111,5,Y
111,6,N
111,7,N
111,8,N
111,9,N
111,10,Y
112,1,N
112,2,N
112,3,N
112,4,Y
112,5,N
112,6,N
112,7,N
112,8,N
112,9,Y
112,10,N
113,1,N
113,2,N
113,3,Y
113,4,N
113,5,N
113,6,N
113,7,N
113,8,Y
113,9,N
113,10,N
114,1,N
114,2,Y
114,3,N
114,4,N
114,5,N
114,6,N
114,7,Y
114,8,N
114,9,N
114,10,N
115,1,Y
115,2,N
115,3,N
115,4,N
115,5,N
115,6,Y
115,7,N
115,8,N
115,9,N
115,10,N
116,1,N
116,2,N
116,3,N
116,4,N
116,5,Y
116,6,N
116,7,N
116,8,N
116,9,N
116,10,Y
117,1,N
117,2,N
117,3,N
117,4,Y
117,5,N
117,6,N
117,7,N
117,8,N
117,9,Y
117,10,N
118,1,N
118,2,N
118,3,Y
118,4,N
118,5,N
118,6,N
118,7,N
118,8,Y
118,9,N
118,10,N
119,1,N
119,2,Y
119,3,N
119,4,N
119,5,N
119,6,N
119,7,Y
119,8,N
119,9,N
119,10,N
120,1,Y
120,2,N
120,3,N
120,4,N
120,5,N
120,6,Y
120,7,N
120,8,N
120,9,N
120,10,N
121,1,N
121,2,N
121,3,N
121,4,N
121,5,Y
121,6,N
121,7,N
121,8,N
121,9,N
121,10,Y
122,1,N
122,2,N
122,3,N
122,4,Y
122,5,N
122,6,N
122,7,N
122,8,N
122,9,Y
122,10,N
123,1,N
123,2,N
123,3,Y
123,4,N
123,5,N
123,6,N
123,7,N
123,8,Y
123,9,N
123,10,N
124,1,N
124,2,Y
124,3,N
124,4,N
124,5,N
124,6,N
124,7,Y
124,8,N
124,9,N
124,10,N
125,1,Y
125,2,N
125,3,N
125,4,N
125,5,N
125,6,Y
125,7,N
125,8,N
125,9,N
125,10,N
126,1,N
126,2,N
126,3,N
126,4,N
126,5,Y
126,6,N
126,7,N
126,8,N
126,9,N
126,10,Y
127,1,N
127,2,N
127,3,N
127,4,Y
127,5,N
127,6,N
127,7,N
127,8,N
127,9,Y
127,10,N
128,1,N
128,2,N
128,3,Y
128,4,N
128,5,N
128,6,N
128,7,N
128,8,Y
128,9,N
128,10,N
129,1,N
129,2,Y
129,3,N
129,4,N
129,5,N
129,6,N
129,7,Y
129,8,N
129,9,N
129,10,N
130,1,Y
130,2,N
130,3,N
130,4,N
130,5,N
130,6,Y
130,7,N
130,8,N
130,9,N
130,10,N
131,1,N
131,2,N
131,3,N
131,4,N
131,5,Y
131,6,N
131,7,N
131,8,N
131,9,N
131,10,Y
132,1,N
132,2,N
132,3,N
132,4,Y
132,5,N
132,6,N
132,7,N
132,8,N
132,9,Y
132,10,N
133,1,N
133,2,N
133,3,Y
133,4,N
133,5,N
133,6,N
133,7,N
133,8,Y
133,9,N
133,10,N
134,1,N
134,2,Y
134,3,N
134,4,N
134,5,N
134,6,N
134,7,Y
134,8,N
134,9,N
134,10,N
135,1,Y
135,2,N
135,3,N
135,4,N
135,5,N
135,6,Y
135,7,N
135,8,N
135,9,N
135,10,N
136,1,N
136,2,N
136,3,N
136,4,N
136,5,Y
136,6,N
136,7,N
136,8,N
136,9,N
136,10,Y
137,1,N
137,2,N
137,3,N
137,4,Y
137,5,N
137,6,N
137,7,N
137,8,N
137,9,Y
137,10,N
138,1,N
138,2,N
138,3,Y
138,4,N
138,5,N
138,6,N
138,7,N
138,8,Y
138,9,N
138,10,N
139,1,N
139,2,Y
139,3,N
139,4,N
139,5,N
139,6,N
139,7,Y
139,8,N
139,9,N
139,10,N
140,1,Y
140,2,N
140,3,N
140,4,N
140,5,N
140,6,Y
140,7,N
140,8,N
140,9,N
140,10,N
141,1,N
141,2,N
141,3,N
141,4,N
141,5,Y
141,6,N
141,7,N
141,8,N
141,9,N
141,10,Y
142,1,N
142,2,N
142,3,N
142,4,Y
142,5,N
142,6,N
142,7,N
142,8,N
142,9,Y
142,10,N
143,1,N
143,2,N
143,3,Y
143,4,N
143,5,N
143,6,N
143,7,N
143,8,Y
143,9,N
143,10,N
144,1,N
144,2,Y
144,3,N
144,4,N
144,5,N
144,6,N
144,7,Y
144,8,N
144,9,N
144,10,N
145,1,Y
145,2,N
145,3,N
145,4,N
145,5,N
145,6,Y
145,7,N
145,8,N
145,9,N
145,10,N
146,1,N
146,2,N
146,3,N
146,4,N
146,5,Y
146,6,N
146,7,N
146,8,N
146,9,N
146,10,Y
147,1,N
147,2,N
147,3,N
147,4,Y
147,5,N
147,6,N
147,7,N
147,8,N
147,9,Y
147,10,N
148,1,N
148,2,N
148,3,Y
148,4,N
148,5,N
148,6,N
148,7,N
148,8,Y
148,9,N
148,10,N
149,1,N
149,2,Y
149,3,N
149,4,N
149,5,N
149,6,N
149,7,Y
149,8,N
149,9,N
149,10,N
150,1,Y
150,2,N
150,3,N
150,4,N
150,5,N
150,6,Y
150,7,N
150,8,N
150,9,N
150,10,N
151,1,N
151,2,N
151,3,N
151,4,N
151,5,Y
151,6,N
151,7,N
151,8,N
151,9,N
151,10,Y
152,1,N
152,2,N
152,3,N
152,4,Y
152,5,N
152,6,N
152,7,N
152,8,N
152,9,Y
152,10,N
153,1,N
153,2,N
153,3,Y
153,4,N
153,5,N
153,6,N
153,7,N
153,8,Y
153,9,N
153,10,N
154,1,N
154,2,Y
154,3,N
154,4,N
154,5,N
154,6,N
154,7,Y
154,8,N
154,9,N
154,10,N
155,1,Y
155,2,N
155,3,N
155,4,N
155,5,N
155,6,Y
155,7,N
155,8,N
155,9,N
155,10,N
156,1,N
156,2,N
156,3,N
156,4,N
156,5,Y
156,6,N
156,7,N
156,8,N
156,9,N
156,10,Y
157,1,N
157,2,N
157,3,N
157,4,Y
157,5,N
157,6,N
157,7,N
157,8,N
157,9,Y
157,10,N
158,1,N
158,2,N
158,3,Y
158,4,N
158,5,N
158,6,N
158,7,N
158,8,Y
158,9,N
158,10,N
159,1,N
159,2,Y
159,3,N
159,4,N
159,5,N
159,6,N
159,7,Y
159,8,N
159,9,N
159,10,N
160,1,Y
160,2,N
160,3,N
160,4,N
160,5,N
160,6,Y
160,7,N
160,8,N
160,9,N
160,10,N
161,1,N
161,2,N
161,3,N
161,4,N
161,5,Y
161,6,N
161,7,N
161,8,N
161,9,N
161,10,Y
162,1,N
162,2,N
162,3,N
162,4,Y
162,5,N
162,6,N
162,7,N
162,8,N
162,9,Y
162,10,N
163,1,N
163,2,N
163,3,Y
163,4,N
163,5,N
163,6,N
163,7,N
163,8,Y
163,9,N
163,10,N
164,1,N
164,2,Y
164,3,N
164,4,N
164,5,N
164,6,N
164,7,Y
164,8,N
164,9,N
164,10,N
165,1,Y
165,2,N
165,3,N
165,4,N
165,5,N
165,6,Y
165,7,N
165,8,N
165,9,N
165,10,N
166,1,N
166,2,N
166,3,N
166,4,N
166,5,Y
166,6,N
166,7,N
166,8,N
166,9,N
166,10,Y
167,1,N
167,2,N
167,3,N
167,4,Y
167,5,N
167,6,N
167,7,N
167,8,N
167,9,Y
167,10,N
168,1,N
168,2,N
168,3,Y
168,4,N
168,5,N
168,6,N
168,7,N
168,8,Y
168,9,N
168,10,N
169,1,N
169,2,Y
169,3,N
169,4,N
169,5,N
169,6,N
169,7,Y
169,8,N
169,9,N
169,10,N
170,1,Y
170,2,N
170,3,N
170,4,N
170,5,N
170,6,Y
170,7,N
170,8,N
170,9,N
170,10,N
171,1,N
171,2,N
171,3,N
171,4,N
171,5,Y
171,6,N
171,7,N
171,8,N
171,9,N
171,10,Y
172,1,N
172,2,N
172,3,N
172,4,Y
172,5,N
172,6,N
172,7,N
172,8,N
172,9,Y
172,10,N
173,1,N
173,2,N
173,3,Y
173,4,N
173,5,N
173,6,N
173,7,N
173,8,Y
173,9,N
173,10,N
174,1,N
174,2,Y
174,3,N
174,4,N
174,5,N
174,6,N
174,7,Y
174,8,N
174,9,N
174,10,N
175,1,Y
175,2,N
175,3,N
175,4,N
175,5,N
175,6,Y
175,7,N
175,8,N
175,9,N
175,10,N
176,1,N
176,2,N
176,3,N
176,4,N
176,5,Y
176,6,N
176,7,N
176,8,N
176,9,N
176,10,Y
177,1,N
177,2,N
177,3,N
177,4,Y
177,5,N
177,6,N
177,7,N
177,8,N
177,9,Y
177,10,N
178,1,N
178,2,N
178,3,Y
178,4,N
178,5,N
178,6,N
178,7,N
178,8,Y
178,9,N
178,10,N
179,1,N
179,2,Y
179,3,N
179,4,N
179,5,N
179,6,N
179,7,Y
179,8,N
179,9,N
179,10,N
180,1,Y
180,2,N
180,3,N
180,4,N
180,5,N
180,6,Y
180,7,N
180,8,N
180,9,N
180,10,N
181,1,N
181,2,N
181,3,N
181,4,N
181,5,Y
181,6,N
181,7,N
181,8,N
181,9,N
181,10,Y
182,1,N
182,2,N
182,3,N
182,4,Y
182,5,N
182,6,N
182,7,N
182,8,N
182,9,Y
182,10,N
183,1,N
183,2,N
183,3,Y
183,4,N
183,5,N
183,6,N
183,7,N
183,8,Y
183,9,N
183,10,N
184,1,N
184,2,Y
184,3,N
184,4,N
184,5,N
184,6,N
184,7,Y
184,8,N
184,9,N
184,10,N
185,1,Y
185,2,N
185,3,N
185,4,N
185,5,N
185,6,Y
185,7,N
185,8,N
185,9,N
185,10,N
186,1,N
186,2,N
186,3,N
186,4,N
186,5,Y
186,6,N
186,7,N
186,8,N
186,9,N
186,10,Y
187,1,N
187,2,N
187,3,N
187,4,Y
187,5,N
187,6,N
187,7,N
187,8,N
187,9,Y
187,10,N
188,1,N
188,2,N
188,3,Y
188,4,N
188,5,N
188,6,N
188,7,N
188,8,Y
188,9,N
188,10,N
189,1,N
189,2,Y
189,3,N
189,4,N
189,5,N
189,6,N
189,7,Y
189,8,N
189,9,N
189,10,N
190,1,Y
190,2,N
190,3,N
190,4,N
190,5,N
190,6,Y
190,7,N
190,8,N
190,9,N
190,10,N
191,1,N
191,2,N
191,3,N
191,4,N
191,5,Y
191,6,N
191,7,N
191,8,N
191,9,N
191,10,Y
192,1,N
192,2,N
192,3,N
192,4,Y
192,5,N
192,6,N
192,7,N
192,8,N
192,9,Y
192,10,N
193,1,N
193,2,N
193,3,Y
193,4,N
193,5,N
193,6,N
193,7,N
193,8,Y
193,9,N
193,10,N
194,1,N
194,2,Y
194,3,N
194,4,N
194,5,N
194,6,N
194,7,Y
194,8,N
194,9,N
194,10,N
195,1,Y
195,2,N
195,3,N
195,4,N
195,5,N
195,6,Y
195,7,N
195,8,N
195,9,N
195,10,N
196,1,N
196,2,N
196,3,N
196,4,N
196,5,Y
196,6,N
196,7,N
196,8,N
196,9,N
196,10,Y
197,1,N
197,2,N
197,3,N
197,4,Y
197,5,N
197,6,N
197,7,N
197,8,N
197,9,Y
197,10,N
198,1,N
198,2,N
198,3,Y
198,4,N
198,5,N
198,6,N
198,7,N
198,8,Y
198,9,N
198,10,N
199,1,N
199,2,Y
199,3,N
199,4,N
199,5,N
199,6,N
199,7,Y
199,8,N
199,9,N
199,10,N
200,1,Y
200,2,N
200,3,N
200,4,N
200,5,N
200,6,Y
200,7,N
200,8,N
200,9,N
200,10,N
201,1,N
201,2,N
201,3,N
201,4,N
201,5,Y
201,6,N
201,7,N
201,8,N
201,9,N
201,10,Y
202,1,N
202,2,N
202,3,N
202,4,Y
202,5,N
202,6,N
202,7,N
202,8,N
202,9,Y
202,10,N
203,1,N
203,2,N
203,3,Y
203,4,N
203,5,N
203,6,N
203,7,N
203,8,Y
203,9,N
203,10,N
204,1,N
204,2,Y
204,3,N
204,4,N
204,5,N
204,6,N
204,7,Y
204,8,N
204,9,N
204,10,N
205,1,Y
205,2,N
205,3,N
205,4,N
205,5,N
205,6,Y
205,7,N
205,8,N
205,9,N
205,10,N
206,1,N
206,2,N
206,3,N
206,4,N
206,5,Y
206,6,N
206,7,N
206,8,N
206,9,N
206,10,Y
207,1,N
207,2,N
207,3,N
207,4,Y
207,5,N
207,6,N
207,7,N
207,8,N
207,9,Y
207,10,N
208,1,N
208,2,N
208,3,Y
208,4,N
208,5,N
208,6,N
208,7,N
208,8,Y
208,9,N
208,10,N
209,1,N
209,2,Y
209,3,N
209,4,N
209,5,N
209,6,N
209,7,Y
209,8,N
209,9,N
209,10,N
210,1,Y
210,2,N
210,3,N
210,4,N
210,5,N
210,6,Y
210,7,N
210,8,N
210,9,N
210,10,N
211,1,N
211,2,N
211,3,N
211,4,N
211,5,Y
211,6,N
211,7,N
211,8,N
211,9,N
211,10,Y
212,1,N
212,2,N
212,3,N
212,4,Y
212,5,N
212,6,N
212,7,N
212,8,N
212,9,Y
212,10,N
213,1,N
213,2,N
213,3,Y
213,4,N
213,5,N
213,6,N
213,7,N
213,8,Y
213,9,N
213,10,N
214,1,N
214,2,Y
214,3,N
214,4,N
214,5,N
214,6,N
214,7,Y
214,8,N
214,9,N
214,10,N
215,1,Y
215,2,N
215,3,N
215,4,N
215,5,N
215,6,Y
215,7,N
215,8,N
215,9,N
215,10,N
216,1,N
216,2,N
216,3,N
216,4,N
216,5,Y
216,6,N
216,7,N
216,8,N
216,9,N
216,10,Y
217,1,N
217,2,N
217,3,N
217,4,Y
217,5,N
217,6,N
217,7,N
217,8,N
217,9,Y
217,10,N
218,1,N
218,2,N
218,3,Y
218,4,N
218,5,N
218,6,N
218,7,N
218,8,Y
218,9,N
218,10,N
219,1,N
219,2,Y
219,3,N
219,4,N
219,5,N
219,6,N
219,7,Y
219,8,N
219,9,N
219,10,N
220,1,Y
220,2,N
220,3,N
220,4,N
220,5,N
220,6,Y
220,7,N
220,8,N
220,9,N
220,10,N
221,1,N
221,2,N
221,3,N
221,4,N
221,5,Y
221,6,N
221,7,N
221,8,N
221,9,N
221,10,Y
222,1,N
222,2,N
222,3,N
222,4,Y
222,5,N
222,6,N
222,7,N
222,8,N
222,9,Y
222,10,N
223,1,N
223,2,N
223,3,Y
223,4,N
223,5,N
223,6,N
223,7,N
223,8,Y
223,9,N
223,10,N
224,1,N
224,2,Y
224,3,N
224,4,N
224,5,N
224,6,N
224,7,Y
224,8,N
224,9,N
224,10,N
225,1,Y
225,2,N
225,3,N
225,4,N
225,5,N
225,6,Y
225,7,N
225,8,N
225,9,N
225,10,N
226,1,N
226,2,N
226,3,N
226,4,N
226,5,Y
226,6,N
226,7,N
226,8,N
226,9,N
226,10,Y
227,1,N
227,2,N
227,3,N
227,4,Y
227,5,N
227,6,N
227,7,N
227,8,N
227,9,Y
227,10,N
228,1,N
228,2,N
228,3,Y
228,4,N
228,5,N
228,6,N
228,7,N
228,8,Y
228,9,N
228,10,N
229,1,N
229,2,Y
229,3,N
229,4,N
229,5,N
229,6,N
229,7,Y
229,8,N
229,9,N
229,10,N
230,1,Y
230,2,N
230,3,N
230,4,N
230,5,N
230,6,Y
230,7,N
230,8,N
230,9,N
230,10,N
231,1,N
231,2,N
231,3,N
231,4,N
231,5,Y
231,6,N
231,7,N
231,8,N
231,9,N
231,10,Y
232,1,N
232,2,N
232,3,N
232,4,Y
232,5,N
232,6,N
232,7,N
232,8,N
232,9,Y
232,10,N
233,1,N
233,2,N
233,3,Y
233,4,N
233,5,N
233,6,N
233,7,N
233,8,Y
233,9,N
233,10,N
234,1,N
234,2,Y
234,3,N
234,4,N
234,5,N
234,6,N
234,7,Y
234,8,N
234,9,N
234,10,N
235,1,Y
235,2,N
235,3,N
235,4,N
235,5,N
235,6,Y
235,7,N
235,8,N
235,9,N
235,10,N
236,1,N
236,2,N
236,3,N
236,4,N
236,5,Y
236,6,N
236,7,N
236,8,N
236,9,N
236,10,Y
237,1,N
237,2,N
237,3,N
237,4,Y
237,5,N
237,6,N
237,7,N
237,8,N
237,9,Y
237,10,N
238,1,N
238,2,N
238,3,Y
238,4,N
238,5,N
238,6,N
238,7,N
238,8,Y
238,9,N
238,10,N
239,1,N
239,2,Y
239,3,N
239,4,N
239,5,N
239,6,N
239,7,Y
239,8,N
239,9,N
239,10,N
240,1,Y
240,2,N
240,3,N
240,4,N
240,5,N
240,6,Y
240,7,N
240,8,N
240,9,N
240,10,N
241,1,N
241,2,N
241,3,N
241,4,N
241,5,Y
241,6,N
241,7,N
241,8,N
241,9,N
241,10,Y
242,1,N
242,2,N
242,3,N
242,4,Y
242,5,N
242,6,N
242,7,N
242,8,N
242,9,Y
242,10,N
243,1,N
243,2,N
243,3,Y
243,4,N
243,5,N
243,6,N
243,7,N
243,8,Y
243,9,N
243,10,N
244,1,N
244,2,Y
244,3,N
244,4,N
244,5,N
244,6,N
244,7,Y
244,8,N
244,9,N
244,10,N
245,1,Y
245,2,N
245,3,N
245,4,N
245,5,N
245,6,Y
245,7,N
245,8,N
245,9,N
245,10,N
246,1,N
246,2,N
246,3,N
246,4,N
246,5,Y
246,6,N
246,7,N
246,8,N
246,9,N
246,10,Y
247,1,N
247,2,N
247,3,N
247,4,Y
247,5,N
247,6,N
247,7,N
247,8,N
247,9,Y
247,10,N
248,1,N
248,2,N
248,3,Y
248,4,N
248,5,N
248,6,N
248,7,N
248,8,Y
248,9,N
248,10,N
249,1,N
249,2,Y
249,3,N
249,4,N
249,5,N
249,6,N
249,7,Y
249,8,N
249,9,N
249,10,N
250,1,Y
250,2,N
250,3,N
250,4,N
250,5,N
250,6,Y
250,7,N
250,8,N
250,9,N
250,10,N
251,1,N
251,2,N
251,3,N
251,4,N
251,5,Y
251,6,N
251,7,N
251,8,N
251,9,N
251,10,Y
252,1,N
252,2,N
252,3,N
252,4,Y
252,5,N
252,6,N
252,7,N
252,8,N
252,9,Y
252,10,N
253,1,N
253,2,N
253,3,Y
253,4,N
253,5,N
253,6,N
253,7,N
253,8,Y
253,9,N
253,10,N
254,1,N
254,2,Y
254,3,N
254,4,N
254,5,N
254,6,N
254,7,Y
254,8,N
254,9,N
254,10,N
255,1,Y
255,2,N
255,3,N
255,4,N
255,5,N
255,6,Y
255,7,N
255,8,N
255,9,N
255,10,N
256,1,N
256,2,N
256,3,N
256,4,N
256,5,Y
256,6,N
256,7,N
256,8,N
256,9,N
256,10,Y
257,1,N
257,2,N
257,3,N
257,4,Y
257,5,N
257,6,N
257,7,N
257,8,N
257,9,Y
257,10,N
258,1,N
258,2,N
258,3,Y
258,4,N
258,5,N
258,6,N
258,7,N
258,8,Y
258,9,N
258,10,N
259,1,N
259,2,Y
259,3,N
259,4,N
259,5,N
259,6,N
259,7,Y
259,8,N
259,9,N
259,10,N
260,1,Y
260,2,N
260,3,N
260,4,N
260,5,N
260,6,Y
260,7,N
260,8,N
260,9,N
260,10,N
261,1,N
261,2,N
261,3,N
261,4,N
261,5,Y
261,6,N
261,7,N
261,8,N
261,9,N
261,10,Y
262,1,N
262,2,N
262,3,N
262,4,Y
262,5,N
262,6,N
262,7,N
262,8,N
262,9,Y
262,10,N
263,1,N
263,2,N
263,3,Y
263,4,N
263,5,N
263,6,N
263,7,N
263,8,Y
263,9,N
263,10,N
264,1,N
264,2,Y
264,3,N
264,4,N
264,5,N
264,6,N
264,7,Y
264,8,N
264,9,N
264,10,N
265,1,Y
265,2,N
265,3,N
265,4,N
265,5,N
265,6,Y
265,7,N
265,8,N
265,9,N
265,10,N
266,1,N
266,2,N
266,3,N
266,4,N
266,5,Y
266,6,N
266,7,N
266,8,N
266,9,N
266,10,Y
267,1,N
267,2,N
267,3,N
267,4,Y
267,5,N
267,6,N
267,7,N
267,8,N
267,9,Y
267,10,N
268,1,N
268,2,N
268,3,Y
268,4,N
268,5,N
268,6,N
268,7,N
268,8,Y
268,9,N
268,10,N
269,1,N
269,2,Y
269,3,N
269,4,N
269,5,N
269,6,N
269,7,Y
269,8,N
269,9,N
269,10,N
270,1,Y
270,2,N
270,3,N
270,4,N
270,5,N
270,6,Y
270,7,N
270,8,N
270,9,N
270,10,N
271,1,N
271,2,N
271,3,N
271,4,N
271,5,Y
271,6,N
271,7,N
271,8,N
271,9,N
271,10,Y
272,1,N
272,2,N
272,3,N
272,4,Y
272,5,N
272,6,N
272,7,N
272,8,N
272,9,Y
272,10,N
273,1,N
273,2,N
273,3,Y
273,4,N
273,5,N
273,6,N
273,7,N
273,8,Y
273,9,N
273,10,N
274,1,N
274,2,Y
274,3,N
274,4,N
274,5,N
274,6,N
274,7,Y
274,8,N
274,9,N
274,10,N
275,1,Y
275,2,N
275,3,N
275,4,N
275,5,N
275,6,Y
275,7,N
275,8,N
275,9,N
275,10,N
276,1,N
276,2,N
276,3,N
276,4,N
276,5,Y
276,6,N
276,7,N
276,8,N
276,9,N
276,10,Y
277,1,N
277,2,N
277,3,N
277,4,Y
277,5,N
277,6,N
277,7,N
277,8,N
277,9,Y
277,10,N
278,1,N
278,2,N
278,3,Y
278,4,N
278,5,N
278,6,N
278,7,N
278,8,Y
278,9,N
278,10,N
279,1,N
279,2,Y
279,3,N
279,4,N
279,5,N
279,6,N
279,7,Y
279,8,N
279,9,N
279,10,N
280,1,Y
280,2,N
280,3,N
280,4,N
280,5,N
280,6,Y
280,7,N
280,8,N
280,9,N
280,10,N
281,1,N
281,2,N
281,3,N
281,4,N
281,5,Y
281,6,N
281,7,N
281,8,N
281,9,N
281,10,Y
282,1,N
282,2,N
282,3,N
282,4,Y
282,5,N
282,6,N
282,7,N
282,8,N
282,9,Y
282,10,N
283,1,N
283,2,N
283,3,Y
283,4,N
283,5,N
283,6,N
283,7,N
283,8,Y
283,9,N
283,10,N
284,1,N
284,2,Y
284,3,N
284,4,N
284,5,N
284,6,N
284,7,Y
284,8,N
284,9,N
284,10,N
285,1,Y
285,2,N
285,3,N
285,4,N
285,5,N
285,6,Y
285,7,N
285,8,N
285,9,N
285,10,N
286,1,N
286,2,N
286,3,N
286,4,N
286,5,Y
286,6,N
286,7,N
286,8,N
286,9,N
286,10,Y
287,1,N
287,2,N
287,3,N
287,4,Y
287,5,N
287,6,N
287,7,N
287,8,N
287,9,Y
287,10,N
288,1,N
288,2,N
288,3,Y
288,4,N
288,5,N
288,6,N
288,7,N
288,8,Y
288,9,N
288,10,N
289,1,N
289,2,Y
289,3,N
289,4,N
289,5,N
289,6,N
289,7,Y
289,8,N
289,9,N
289,10,N
290,1,Y
290,2,N
290,3,N
290,4,N
290,5,N
290,6,Y
290,7,N
290,8,N
290,9,N
290,10,N
291,1,N
291,2,N
291,3,N
291,4,N
291,5,Y
291,6,N
291,7,N
291,8,N
291,9,N
291,10,Y
292,1,N
292,2,N
292,3,N
292,4,Y
292,5,N
292,6,N
292,7,N
292,8,N
292,9,Y
292,10,N
293,1,N
293,2,N
293,3,Y
293,4,N
293,5,N
293,6,N
293,7,N
293,8,Y
293,9,N
293,10,N
294,1,N
294,2,Y
294,3,N
294,4,N
294,5,N
294,6,N
294,7,Y
294,8,N
294,9,N
294,10,N
295,1,Y
295,2,N
295,3,N
295,4,N
295,5,N
295,6,Y
295,7,N
295,8,N
295,9,N
295,10,N
296,1,N
296,2,N
296,3,N
296,4,N
296,5,Y
296,6,N
296,7,N
296,8,N
296,9,N
296,10,Y
297,1,N
297,2,N
297,3,N
297,4,Y
297,5,N
297,6,N
297,7,N
297,8,N
297,9,Y
297,10,N
298,1,N
298,2,N
298,3,Y
298,4,N
298,5,N
298,6,N
298,7,N
298,8,Y
298,9,N
298,10,N
299,1,N
299,2,Y
299,3,N
299,4,N
299,5,N
299,6,N
299,7,Y
299,8,N
299,9,N
299,10,N
300,1,Y
300,2,N
300,3,N
300,4,N
300,5,N
300,6,Y
300,7,N
300,8,N
300,9,N
300,10,N
301,1,N
301,2,N
301,3,N
301,4,N
301,5,Y
301,6,N
301,7,N
301,8,N
301,9,N
301,10,Y
302,1,N
302,2,N
302,3,N
302,4,Y
302,5,N
302,6,N
302,7,N
302,8,N
302,9,Y
302,10,N
303,1,N
303,2,N
303,3,Y
303,4,N
303,5,N
303,6,N
303,7,N
303,8,Y
303,9,N
303,10,N
304,1,N
304,2,Y
304,3,N
304,4,N
304,5,N
304,6,N
304,7,Y
304,8,N
304,9,N
304,10,N
305,1,Y
305,2,N
305,3,N
305,4,N
305,5,N
305,6,Y
305,7,N
305,8,N
305,9,N
305,10,N
306,1,N
306,2,N
306,3,N
306,4,N
306,5,Y
306,6,N
306,7,N
306,8,N
306,9,N
306,10,Y
307,1,N
307,2,N
307,3,N
307,4,Y
307,5,N
307,6,N
307,7,N
307,8,N
307,9,Y
307,10,N
308,1,N
308,2,N
308,3,Y
308,4,N
308,5,N
308,6,N
308,7,N
308,8,Y
308,9,N
308,10,N
309,1,N
309,2,Y
309,3,N
309,4,N
309,5,N
309,6,N
309,7,Y
309,8,N
309,9,N
309,10,N
310,1,Y
310,2,N
310,3,N
310,4,N
310,5,N
310,6,Y
310,7,N
310,8,N
310,9,N
310,10,N
311,1,N
311,2,N
311,3,N
311,4,N
311,5,Y
311,6,N
311,7,N
311,8,N
311,9,N
311,10,Y
312,1,N
312,2,N
312,3,N
312,4,Y
312,5,N
312,6,N
312,7,N
312,8,N
312,9,Y
312,10,N
313,1,N
313,2,N
313,3,Y
313,4,N
313,5,N
313,6,N
313,7,N
313,8,Y
313,9,N
313,10,N
314,1,N
314,2,Y
314,3,N
314,4,N
314,5,N
314,6,N
314,7,Y
314,8,N
314,9,N
314,10,N
315,1,Y
315,2,N
315,3,N
315,4,N
315,5,N
315,6,Y
315,7,N
315,8,N
315,9,N
315,10,N
316,1,N
316,2,N
316,3,N
316,4,N
316,5,Y
316,6,N
316,7,N
316,8,N
316,9,N
316,10,Y
317,1,N
317,2,N
317,3,N
317,4,Y
317,5,N
317,6,N
317,7,N
317,8,N
317,9,Y
317,10,N
318,1,N
318,2,N
318,3,Y
318,4,N
318,5,N
318,6,N
318,7,N
318,8,Y
318,9,N
318,10,N
319,1,N
319,2,Y
319,3,N
319,4,N
319,5,N
319,6,N
319,7,Y
319,8,N
319,9,N
319,10,N
320,1,Y
320,2,N
320,3,N
320,4,N
320,5,N
320,6,Y
320,7,N
320,8,N
320,9,N
320,10,N
321,1,N
321,2,N
321,3,N
321,4,N
321,5,Y
321,6,N
321,7,N
321,8,N
321,9,N
321,10,Y
322,1,N
322,2,N
322,3,N
322,4,Y
322,5,N
322,6,N
322,7,N
322,8,N
322,9,Y
322,10,N
323,1,N
323,2,N
323,3,Y
323,4,N
323,5,N
323,6,N
323,7,N
323,8,Y
323,9,N
323,10,N
324,1,N
324,2,Y
324,3,N
324,4,N
324,5,N
324,6,N
324,7,Y
324,8,N
324,9,N
324,10,N
325,1,Y
325,2,N
325,3,N
325,4,N
325,5,N
325,6,Y
325,7,N
325,8,N
325,9,N
325,10,N
326,1,N
326,2,N
326,3,N
326,4,N
326,5,Y
326,6,N
326,7,N
326,8,N
326,9,N
326,10,Y
327,1,N
327,2,N
327,3,N
327,4,Y
327,5,N
327,6,N
327,7,N
327,8,N
327,9,Y
327,10,N
328,1,N
328,2,N
328,3,Y
328,4,N
328,5,N
328,6,N
328,7,N
328,8,Y
328,9,N
328,10,N
329,1,N
329,2,Y
329,3,N
329,4,N
329,5,N
329,6,N
329,7,Y
329,8,N
329,9,N
329,10,N
330,1,Y
330,2,N
330,3,N
330,4,N
330,5,N
330,6,Y
330,7,N
330,8,N
330,9,N
330,10,N
331,1,N
331,2,N
331,3,N
331,4,N
331,5,Y
331,6,N
331,7,N
331,8,N
331,9,N
331,10,Y
332,1,N
332,2,N
332,3,N
332,4,Y
332,5,N
332,6,N
332,7,N
332,8,N
332,9,Y
332,10,N
333,1,N
333,2,N
333,3,Y
333,4,N
333,5,N
333,6,N
333,7,N
333,8,Y
333,9,N
333,10,N
334,1,N
334,2,Y
334,3,N
334,4,N
334,5,N
334,6,N
334,7,Y
334,8,N
334,9,N
334,10,N
335,1,Y
335,2,N
335,3,N
335,4,N
335,5,N
335,6,Y
335,7,N
335,8,N
335,9,N
335,10,N
336,1,N
336,2,N
336,3,N
336,4,N
336,5,Y
336,6,N
336,7,N
336,8,N
336,9,N
336,10,Y
337,1,N
337,2,N
337,3,N
337,4,Y
337,5,N
337,6,N
337,7,N
337,8,N
337,9,Y
337,10,N
338,1,N
338,2,N
338,3,Y
338,4,N
338,5,N
338,6,N
338,7,N
338,8,Y
338,9,N
338,10,N
339,1,N
339,2,Y
339,3,N
339,4,N
339,5,N
339,6,N
339,7,Y
339,8,N
339,9,N
339,10,N
340,1,Y
340,2,N
340,3,N
340,4,N
340,5,N
340,6,Y
340,7,N
340,8,N
340,9,N
340,10,N
341,1,N
341,2,N
341,3,N
341,4,N
341,5,Y
341,6,N
341,7,N
341,8,N
341,9,N
341,10,Y
342,1,N
342,2,N
342,3,N
342,4,Y
342,5,N
342,6,N
342,7,N
342,8,N
342,9,Y
342,10,N
343,1,N
343,2,N
343,3,Y
343,4,N
343,5,N
343,6,N
343,7,N
343,8,Y
343,9,N
343,10,N
344,1,N
344,2,Y
344,3,N
344,4,N
344,5,N
344,6,N
344,7,Y
344,8,N
344,9,N
344,10,N
345,1,Y
345,2,N
345,3,N
345,4,N
345,5,N
345,6,Y
345,7,N
345,8,N
345,9,N
345,10,N
346,1,N
346,2,N
346,3,N
346,4,N
346,5,Y
346,6,N
346,7,N
346,8,N
346,9,N
346,10,Y
347,1,N
347,2,N
347,3,N
347,4,Y
347,5,N
347,6,N
347,7,N
347,8,N
347,9,Y
347,10,N
348,1,N
348,2,N
348,3,Y
348,4,N
348,5,N
348,6,N
348,7,N
348,8,Y
348,9,N
348,10,N
349,1,N
349,2,Y
349,3,N
349,4,N
349,5,N
349,6,N
349,7,Y
349,8,N
349,9,N
349,10,N
350,1,Y
350,2,N
350,3,N
350,4,N
350,5,N
350,6,Y
350,7,N
350,8,N
350,9,N
350,10,N
351,1,N
351,2,N
351,3,N
351,4,N
351,5,Y
351,6,N
351,7,N
351,8,N
351,9,N
351,10,Y
352,1,N
352,2,N
352,3,N
352,4,Y
352,5,N
352,6,N
352,7,N
352,8,N
352,9,Y
352,10,N
353,1,N
353,2,N
353,3,Y
353,4,N
353,5,N
353,6,N
353,7,N
353,8,Y
353,9,N
353,10,N
354,1,N
354,2,Y
354,3,N
354,4,N
354,5,N
354,6,N
354,7,Y
354,8,N
354,9,N
354,10,N
355,1,Y
355,2,N
355,3,N
355,4,N
355,5,N
355,6,Y
355,7,N
355,8,N
355,9,N
355,10,N
356,1,N
356,2,N
356,3,N
356,4,N
356,5,Y
356,6,N
356,7,N
356,8,N
356,9,N
356,10,Y
357,1,N
357,2,N
357,3,N
357,4,Y
357,5,N
357,6,N
357,7,N
357,8,N
357,9,Y
357,10,N
358,1,N
358,2,N
358,3,Y
358,4,N
358,5,N
358,6,N
358,7,N
358,8,Y
358,9,N
358,10,N
359,1,N
359,2,Y
359,3,N
359,4,N
359,5,N
359,6,N
359,7,Y
359,8,N
359,9,N
359,10,N
360,1,Y
360,2,N
360,3,N
360,4,N
360,5,N
360,6,Y
360,7,N
360,8,N
360,9,N
360,10,N
361,1,N
361,2,N
361,3,N
361,4,N
361,5,Y
361,6,N
361,7,N
361,8,N
361,9,N
361,10,Y
362,1,N
362,2,N
362,3,N
362,4,Y
362,5,N
362,6,N
362,7,N
362,8,N
362,9,Y
362,10,N
363,1,N
363,2,N
363,3,Y
363,4,N
363,5,N
363,6,N
363,7,N
363,8,Y
363,9,N
363,10,N
364,1,N
364,2,Y
364,3,N
364,4,N
364,5,N
364,6,N
364,7,Y
364,8,N
364,9,N
364,10,N
365,1,Y
365,2,N
365,3,N
365,4,N
365,5,N
365,6,Y
365,7,N
365,8,N
365,9,N
365,10,N
366,1,N
366,2,N
366,3,N
366,4,N
366,5,Y
366,6,N
366,7,N
366,8,N
366,9,N
366,10,Y
367,1,N
367,2,N
367,3,N
367,4,Y
367,5,N
367,6,N
367,7,N
367,8,N
367,9,Y
367,10,N
368,1,N
368,2,N
368,3,Y
368,4,N
368,5,N
368,6,N
368,7,N
368,8,Y
368,9,N
368,10,N
369,1,N
369,2,Y
369,3,N
369,4,N
369,5,N
369,6,N
369,7,Y
369,8,N
369,9,N
369,10,N
370,1,Y
370,2,N
370,3,N
370,4,N
370,5,N
370,6,Y
370,7,N
370,8,N
370,9,N
370,10,N
371,1,N
371,2,N
371,3,N
371,4,N
371,5,Y
371,6,N
371,7,N
371,8,N
371,9,N
371,10,Y
372,1,N
372,2,N
372,3,N
372,4,Y
372,5,N
372,6,N
372,7,N
372,8,N
372,9,Y
372,10,N
373,1,N
373,2,N
373,3,Y
373,4,N
373,5,N
373,6,N
373,7,N
373,8,Y
373,9,N
373,10,N
374,1,N
374,2,Y
374,3,N
374,4,N
374,5,N
374,6,N
374,7,Y
374,8,N
374,9,N
374,10,N
375,1,Y
375,2,N
375,3,N
375,4,N
375,5,N
375,6,Y
375,7,N
375,8,N
375,9,N
375,10,N
376,1,N
376,2,N
376,3,N
376,4,N
376,5,Y
376,6,N
376,7,N
376,8,N
376,9,N
376,10,Y
377,1,N
377,2,N
377,3,N
377,4,Y
377,5,N
377,6,N
377,7,N
377,8,N
377,9,Y
377,10,N
378,1,N
378,2,N
378,3,Y
378,4,N
378,5,N
378,6,N
378,7,N
378,8,Y
378,9,N
378,10,N
379,1,N
379,2,Y
379,3,N
379,4,N
379,5,N
379,6,N
379,7,Y
379,8,N
379,9,N
379,10,N
380,1,Y
380,2,N
380,3,N
380,4,N
380,5,N
380,6,Y
380,7,N
380,8,N
380,9,N
380,10,N
381,1,N
381,2,N
381,3,N
381,4,N
381,5,Y
381,6,N
381,7,N
381,8,N
381,9,N
381,10,Y
382,1,N
382,2,N
382,3,N
382,4,Y
382,5,N
382,6,N
382,7,N
382,8,N
382,9,Y
382,10,N
383,1,N
383,2,N
383,3,Y
383,4,N
383,5,N
383,6,N
383,7,N
383,8,Y
383,9,N
383,10,N
384,1,N
384,2,Y
384,3,N
384,4,N
384,5,N
384,6,N
384,7,Y
384,8,N
384,9,N
384,10,N
385,1,Y
385,2,N
385,3,N
385,4,N
385,5,N
385,6,Y
385,7,N
385,8,N
385,9,N
385,10,N
386,1,N
386,2,N
386,3,N
386,4,N
386,5,Y
386,6,N
386,7,N
386,8,N
386,9,N
386,10,Y
387,1,N
387,2,N
387,3,N
387,4,Y
387,5,N
387,6,N
387,7,N
387,8,N
387,9,Y
387,10,N
388,1,N
388,2,N
388,3,Y
388,4,N
388,5,N
388,6,N
388,7,N
388,8,Y
388,9,N
388,10,N
389,1,N
389,2,Y
389,3,N
389,4,N
389,5,N
389,6,N
389,7,Y
389,8,N
389,9,N
389,10,N
390,1,Y
390,2,N
390,3,N
390,4,N
390,5,N
390,6,Y
390,7,N
390,8,N
390,9,N
390,10,N
391,1,N
391,2,N
391,3,N
391,4,N
391,5,Y
391,6,N
391,7,N
391,8,N
391,9,N
391,10,Y
392,1,N
392,2,N
392,3,N
392,4,Y
392,5,N
392,6,N
392,7,N
392,8,N
392,9,Y
392,10,N
393,1,N
393,2,N
393,3,Y
393,4,N
393,5,N
393,6,N
393,7,N
393,8,Y
393,9,N
393,10,N
394,1,N
394,2,Y
394,3,N
394,4,N
394,5,N
394,6,N
394,7,Y
394,8,N
394,9,N
394,10,N
395,1,Y
395,2,N
395,3,N
395,4,N
395,5,N
395,6,Y
395,7,N
395,8,N
395,9,N
395,10,N
396,1,N
396,2,N
396,3,N
396,4,N
396,5,Y
396,6,N
396,7,N
396,8,N
396,9,N
396,10,Y
397,1,N
397,2,N
397,3,N
397,4,Y
397,5,N
397,6,N
397,7,N
397,8,N
397,9,Y
397,10,N
398,1,N
398,2,N
398,3,Y
398,4,N
398,5,N
398,6,N
398,7,N
398,8,Y
398,9,N
398,10,N
399,1,N
399,2,Y
399,3,N
399,4,N
399,5,N
399,6,N
399,7,Y
399,8,N
399,9,N
399,10,N
400,1,Y
400,2,N
400,3,N
400,4,N
400,5,N
400,6,Y
400,7,N
400,8,N
400,9,N
400,10,N
401,1,N
401,2,N
401,3,N
401,4,N
401,5,Y
401,6,N
401,7,N
401,8,N
401,9,N
401,10,Y
402,1,N
402,2,N
402,3,N
402,4,Y
402,5,N
402,6,N
402,7,N
402,8,N
402,9,Y
402,10,N
403,1,N
403,2,N
403,3,Y
403,4,N
403,5,N
403,6,N
403,7,N
403,8,Y
403,9,N
403,10,N
404,1,N
404,2,Y
404,3,N
404,4,N
404,5,N
404,6,N
404,7,Y
404,8,N
404,9,N
404,10,N
405,1,Y
405,2,N
405,3,N
405,4,N
405,5,N
405,6,Y
405,7,N
405,8,N
405,9,N
405,10,N
406,1,N
406,2,N
406,3,N
406,4,N
406,5,Y
406,6,N
406,7,N
406,8,N
406,9,N
406,10,Y
407,1,N
407,2,N
407,3,N
407,4,Y
407,5,N
407,6,N
407,7,N
407,8,N
407,9,Y
407,10,N
408,1,N
408,2,N
408,3,Y
408,4,N
408,5,N
408,6,N
408,7,N
408,8,Y
408,9,N
408,10,N
409,1,N
409,2,Y
409,3,N
409,4,N
409,5,N
409,6,N
409,7,Y
409,8,N
409,9,N
409,10,N
410,1,Y
410,2,N
410,3,N
410,4,N
410,5,N
410,6,Y
410,7,N
410,8,N
410,9,N
410,10,N
411,1,N
411,2,N
411,3,N
411,4,N
411,5,Y
411,6,N
411,7,N
411,8,N
411,9,N
411,10,Y
412,1,N
412,2,N
412,3,N
412,4,Y
412,5,N
412,6,N
412,7,N
412,8,N
412,9,Y
412,10,N
413,1,N
413,2,N
413,3,Y
413,4,N
413,5,N
413,6,N
413,7,N
413,8,Y
413,9,N
413,10,N
414,1,N
414,2,Y
414,3,N
414,4,N
414,5,N
414,6,N
414,7,Y
414,8,N
414,9,N
414,10,N
415,1,Y
415,2,N
415,3,N
415,4,N
415,5,N
415,6,Y
415,7,N
415,8,N
415,9,N
415,10,N
416,1,N
416,2,N
416,3,N
416,4,N
416,5,Y
416,6,N
416,7,N
416,8,N
416,9,N
416,10,Y
417,1,N
417,2,N
417,3,N
417,4,Y
417,5,N
417,6,N
417,7,N
417,8,N
417,9,Y
417,10,N
418,1,N
418,2,N
418,3,Y
418,4,N
418,5,N
418,6,N
418,7,N
418,8,Y
418,9,N
418,10,N
419,1,N
419,2,Y
419,3,N
419,4,N
419,5,N
419,6,N
419,7,Y
419,8,N
419,9,N
419,10,N
420,1,Y
420,2,N
420,3,N
420,4,N
420,5,N
420,6,Y
420,7,N
420,8,N
420,9,N
420,10,N
421,1,N
421,2,N
421,3,N
421,4,N
421,5,Y
421,6,N
421,7,N
421,8,N
421,9,N
421,10,Y
422,1,N
422,2,N
422,3,N
422,4,Y
422,5,N
422,6,N
422,7,N
422,8,N
422,9,Y
422,10,N
423,1,N
423,2,N
423,3,Y
423,4,N
423,5,N
423,6,N
423,7,N
423,8,Y
423,9,N
423,10,N
424,1,N
424,2,Y
424,3,N
424,4,N
424,5,N
424,6,N
424,7,Y
424,8,N
424,9,N
424,10,N
425,1,Y
425,2,N
425,3,N
425,4,N
425,5,N
425,6,Y
425,7,N
425,8,N
425,9,N
425,10,N
426,1,N
426,2,N
426,3,N
426,4,N
426,5,Y
426,6,N
426,7,N
426,8,N
426,9,N
426,10,Y
427,1,N
427,2,N
427,3,N
427,4,Y
427,5,N
427,6,N
427,7,N
427,8,N
427,9,Y
427,10,N
428,1,N
428,2,N
428,3,Y
428,4,N
428,5,N
428,6,N
428,7,N
428,8,Y
428,9,N
428,10,N
429,1,N
429,2,Y
429,3,N
429,4,N
429,5,N
429,6,N
429,7,Y
429,8,N
429,9,N
429,10,N
430,1,Y
430,2,N
430,3,N
430,4,N
430,5,N
430,6,Y
430,7,N
430,8,N
430,9,N
430,10,N
431,1,N
431,2,N
431,3,N
431,4,N
431,5,Y
431,6,N
431,7,N
431,8,N
431,9,N
431,10,Y
432,1,N
432,2,N
432,3,N
432,4,Y
432,5,N
432,6,N
432,7,N
432,8,N
432,9,Y
432,10,N
433,1,N
433,2,N
433,3,Y
433,4,N
433,5,N
433,6,N
433,7,N
433,8,Y
433,9,N
433,10,N
434,1,N
434,2,Y
434,3,N
434,4,N
434,5,N
434,6,N
434,7,Y
434,8,N
434,9,N
434,10,N
435,1,Y
435,2,N
435,3,N
435,4,N
435,5,N
435,6,Y
435,7,N
435,8,N
435,9,N
435,10,N
436,1,N
436,2,N
436,3,N
436,4,N
436,5,Y
436,6,N
436,7,N
436,8,N
436,9,N
436,10,Y
437,1,N
437,2,N
437,3,N
437,4,Y
437,5,N
437,6,N
437,7,N
437,8,N
437,9,Y
437,10,N
438,1,N
438,2,N
438,3,Y
438,4,N
438,5,N
438,6,N
438,7,N
438,8,Y
438,9,N
438,10,N
439,1,N
439,2,Y
439,3,N
439,4,N
439,5,N
439,6,N
439,7,Y
439,8,N
439,9,N
439,10,N
440,1,Y
440,2,N
440,3,N
440,4,N
440,5,N
440,6,Y
440,7,N
440,8,N
440,9,N
440,10,N
441,1,N
441,2,N
441,3,N
441,4,N
441,5,Y
441,6,N
441,7,N
441,8,N
441,9,N
441,10,Y
442,1,N
442,2,N
442,3,N
442,4,Y
442,5,N
442,6,N
442,7,N
442,8,N
442,9,Y
442,10,N
443,1,N
443,2,N
443,3,Y
443,4,N
443,5,N
443,6,N
443,7,N
443,8,Y
443,9,N
443,10,N
444,1,N
444,2,Y
444,3,N
444,4,N
444,5,N
444,6,N
444,7,Y
444,8,N
444,9,N
444,10,N
445,1,Y
445,2,N
445,3,N
445,4,N
445,5,N
445,6,Y
445,7,N
445,8,N
445,9,N
445,10,N
446,1,N
446,2,N
446,3,N
446,4,N
446,5,Y
446,6,N
446,7,N
446,8,N
446,9,N
446,10,Y
447,1,N
447,2,N
447,3,N
447,4,Y
447,5,N
447,6,N
447,7,N
447,8,N
447,9,Y
447,10,N
448,1,N
448,2,N
448,3,Y
448,4,N
448,5,N
448,6,N
448,7,N
448,8,Y
448,9,N
448,10,N
449,1,N
449,2,Y
449,3,N
449,4,N
449,5,N
449,6,N
449,7,Y
449,8,N
449,9,N
449,10,N
450,1,Y
450,2,N
450,3,N
450,4,N
450,5,N
450,6,Y
450,7,N
450,8,N
450,9,N
450,10,N
451,1,N
451,2,N
451,3,N
451,4,N
451,5,Y
451,6,N
451,7,N
451,8,N
451,9,N
451,10,Y
452,1,N
452,2,N
452,3,N
452,4,Y
452,5,N
452,6,N
452,7,N
452,8,N
452,9,Y
452,10,N
453,1,N
453,2,N
453,3,Y
453,4,N
453,5,N
453,6,N
453,7,N
453,8,Y
453,9,N
453,10,N
454,1,N
454,2,Y
454,3,N
454,4,N
454,5,N
454,6,N
454,7,Y
454,8,N
454,9,N
454,10,N
455,1,Y
455,2,N
455,3,N
455,4,N
455,5,N
455,6,Y
455,7,N
455,8,N
455,9,N
455,10,N
456,1,N
456,2,N
456,3,N
456,4,N
456,5,Y
456,6,N
456,7,N
456,8,N
456,9,N
456,10,Y
457,1,N
457,2,N
457,3,N
457,4,Y
457,5,N
457,6,N
457,7,N
457,8,N
457,9,Y
457,10,N
458,1,N
458,2,N
458,3,Y
458,4,N
458,5,N
458,6,N
458,7,N
458,8,Y
458,9,N
458,10,N
459,1,N
459,2,Y
459,3,N
459,4,N
459,5,N
459,6,N
459,7,Y
459,8,N
459,9,N
459,10,N
460,1,Y
460,2,N
460,3,N
460,4,N
460,5,N
460,6,Y
460,7,N
460,8,N
460,9,N
460,10,N
461,1,N
461,2,N
461,3,N
461,4,N
461,5,Y
461,6,N
461,7,N
461,8,N
461,9,N
461,10,Y
462,1,N
462,2,N
462,3,N
462,4,Y
462,5,N
462,6,N
462,7,N
462,8,N
462,9,Y
462,10,N
463,1,N
463,2,N
463,3,Y
463,4,N
463,5,N
463,6,N
463,7,N
463,8,Y
463,9,N
463,10,N
464,1,N
464,2,Y
464,3,N
464,4,N
464,5,N
464,6,N
464,7,Y
464,8,N
464,9,N
464,10,N
465,1,Y
465,2,N
465,3,N
465,4,N
465,5,N
465,6,Y
465,7,N
465,8,N
465,9,N
465,10,N
466,1,N
466,2,N
466,3,N
466,4,N
466,5,Y
466,6,N
466,7,N
466,8,N
466,9,N
466,10,Y
467,1,N
467,2,N
467,3,N
467,4,Y
467,5,N
467,6,N
467,7,N
467,8,N
467,9,Y
467,10,N
468,1,N
468,2,N
468,3,Y
468,4,N
468,5,N
468,6,N
468,7,N
468,8,Y
468,9,N
468,10,N
469,1,N
469,2,Y
469,3,N
469,4,N
469,5,N
469,6,N
469,7,Y
469,8,N
469,9,N
469,10,N
470,1,Y
470,2,N
470,3,N
470,4,N
470,5,N
470,6,Y
470,7,N
470,8,N
470,9,N
470,10,N
471,1,N
471,2,N
471,3,N
471,4,N
471,5,Y
471,6,N
471,7,N
471,8,N
471,9,N
471,10,Y
472,1,N
472,2,N
472,3,N
472,4,Y
472,5,N
472,6,N
472,7,N
472,8,N
472,9,Y
472,10,N
473,1,N
473,2,N
473,3,Y
473,4,N
473,5,N
473,6,N
473,7,N
473,8,Y
473,9,N
473,10,N
474,1,N
474,2,Y
474,3,N
474,4,N
474,5,N
474,6,N
474,7,Y
474,8,N
474,9,N
474,10,N
475,1,Y
475,2,N
475,3,N
475,4,N
475,5,N
475,6,Y
475,7,N
475,8,N
475,9,N
475,10,N
476,1,N
476,2,N
476,3,N
476,4,N
476,5,Y
476,6,N
476,7,N
476,8,N
476,9,N
476,10,Y
477,1,N
477,2,N
477,3,N
477,4,Y
477,5,N
477,6,N
477,7,N
477,8,N
477,9,Y
477,10,N
478,1,N
478,2,N
478,3,Y
478,4,N
478,5,N
478,6,N
478,7,N
478,8,Y
478,9,N
478,10,N
479,1,N
479,2,Y
479,3,N
479,4,N
479,5,N
479,6,N
479,7,Y
479,8,N
479,9,N
479,10,N
480,1,Y
480,2,N
480,3,N
480,4,N
480,5,N
480,6,Y
480,7,N
480,8,N
480,9,N
480,10,N
481,1,N
481,2,N
481,3,N
481,4,N
481,5,Y
481,6,N
481,7,N
481,8,N
481,9,N
481,10,Y
482,1,N
482,2,N
482,3,N
482,4,Y
482,5,N
482,6,N
482,7,N
482,8,N
482,9,Y
482,10,N
483,1,N
483,2,N
483,3,Y
483,4,N
483,5,N
483,6,N
483,7,N
483,8,Y
483,9,N
483,10,N
484,1,N
484,2,Y
484,3,N
484,4,N
484,5,N
484,6,N
484,7,Y
484,8,N
484,9,N
484,10,N
485,1,Y
485,2,N
485,3,N
485,4,N
485,5,N
485,6,Y
485,7,N
485,8,N
485,9,N
485,10,N
486,1,N
486,2,N
486,3,N
486,4,N
486,5,Y
486,6,N
486,7,N
486,8,N
486,9,N
486,10,Y
487,1,N
487,2,N
487,3,N
487,4,Y
487,5,N
487,6,N
487,7,N
487,8,N
487,9,Y
487,10,N
488,1,N
488,2,N
488,3,Y
488,4,N
488,5,N
488,6,N
488,7,N
488,8,Y
488,9,N
488,10,N
489,1,N
489,2,Y
489,3,N
489,4,N
489,5,N
489,6,N
489,7,Y
489,8,N
489,9,N
489,10,N
490,1,Y
490,2,N
490,3,N
490,4,N
490,5,N
490,6,Y
490,7,N
490,8,N
490,9,N
490,10,N
491,1,N
491,2,N
491,3,N
491,4,N
491,5,Y
491,6,N
491,7,N
491,8,N
491,9,N
491,10,Y
492,1,N
492,2,N
492,3,N
492,4,Y
492,5,N
492,6,N
492,7,N
492,8,N
492,9,Y
492,10,N
493,1,N
493,2,N
493,3,Y
493,4,N
493,5,N
493,6,N
493,7,N
493,8,Y
493,9,N
493,10,N
494,1,N
494,2,Y
494,3,N
494,4,N
494,5,N
494,6,N
494,7,Y
494,8,N
494,9,N
494,10,N
495,1,Y
495,2,N
495,3,N
495,4,N
495,5,N
495,6,Y
495,7,N
495,8,N
495,9,N
495,10,N
496,1,N
496,2,N
496,3,N
496,4,N
496,5,Y
496,6,N
496,7,N
496,8,N
496,9,N
496,10,Y
497,1,N
497,2,N
497,3,N
497,4,Y
497,5,N
497,6,N
497,7,N
497,8,N
497,9,Y
497,10,N
498,1,N
498,2,N
498,3,Y
498,4,N
498,5,N
498,6,N
498,7,N
498,8,Y
498,9,N
498,10,N
499,1,N
499,2,Y
499,3,N
499,4,N
499,5,N
499,6,N
499,7,Y
499,8,N
499,9,N
499,10,N
500,1,Y
500,2,N
500,3,N
500,4,N
500,5,N
500,6,Y
500,7,N
500,8,N
500,9,N
500,10,N
501,1,N
501,2,N
501,3,N
501,4,N
501,5,Y
501,6,N
501,7,N
501,8,N
501,9,N
501,10,Y
502,1,N
502,2,N
502,3,N
502,4,Y
502,5,N
502,6,N
502,7,N
502,8,N
502,9,Y
502,10,N
503,1,N
503,2,N
503,3,Y
503,4,N
503,5,N
503,6,N
503,7,N
503,8,Y
503,9,N
503,10,N
504,1,N
504,2,Y
504,3,N
504,4,N
504,5,N
504,6,N
504,7,Y
504,8,N
504,9,N
504,10,N
505,1,Y
505,2,N
505,3,N
505,4,N
505,5,N
505,6,Y
505,7,N
505,8,N
505,9,N
505,10,N
506,1,N
506,2,N
506,3,N
506,4,N
506,5,Y
506,6,N
506,7,N
506,8,N
506,9,N
506,10,Y
507,1,N
507,2,N
507,3,N
507,4,Y
507,5,N
507,6,N
507,7,N
507,8,N
507,9,Y
507,10,N
508,1,N
508,2,N
508,3,Y
508,4,N
508,5,N
508,6,N
508,7,N
508,8,Y
508,9,N
508,10,N
509,1,N
509,2,Y
509,3,N
509,4,N
509,5,N
509,6,N
509,7,Y
509,8,N
509,9,N
509,10,N
510,1,Y
510,2,N
510,3,N
510,4,N
510,5,N
510,6,Y
510,7,N
510,8,N
510,9,N
510,10,N
511,1,N
511,2,N
511,3,N
511,4,N
511,5,Y
511,6,N
511,7,N
511,8,N
511,9,N
511,10,Y
512,1,N
512,2,N
512,3,N
512,4,Y
512,5,N
512,6,N
512,7,N
512,8,N
512,9,Y
512,10,N
513,1,N
513,2,N
513,3,Y
513,4,N
513,5,N
513,6,N
513,7,N
513,8,Y
513,9,N
513,10,N
514,1,N
514,2,Y
514,3,N
514,4,N
514,5,N
514,6,N
514,7,Y
514,8,N
514,9,N
514,10,N
515,1,Y
515,2,N
515,3,N
515,4,N
515,5,N
515,6,Y
515,7,N
515,8,N
515,9,N
515,10,N
516,1,N
516,2,N
516,3,N
516,4,N
516,5,Y
516,6,N
516,7,N
516,8,N
516,9,N
516,10,Y
517,1,N
517,2,N
517,3,N
517,4,Y
517,5,N
517,6,N
517,7,N
517,8,N
517,9,Y
517,10,N
518,1,N
518,2,N
518,3,Y
518,4,N
518,5,N
518,6,N
518,7,N
518,8,Y
518,9,N
518,10,N
519,1,N
519,2,Y
519,3,N
519,4,N
519,5,N
519,6,N
519,7,Y
519,8,N
519,9,N
519,10,N
520,1,Y
520,2,N
520,3,N
520,4,N
520,5,N
520,6,Y
520,7,N
520,8,N
520,9,N
520,10,N
521,1,N
521,2,N
521,3,N
521,4,N
521,5,Y
521,6,N
521,7,N
521,8,N
521,9,N
521,10,Y
522,1,N
522,2,N
522,3,N
522,4,Y
522,5,N
522,6,N
522,7,N
522,8,N
522,9,Y
522,10,N
523,1,N
523,2,N
523,3,Y
523,4,N
523,5,N
523,6,N
523,7,N
523,8,Y
523,9,N
523,10,N
524,1,N
524,2,Y
524,3,N
524,4,N
524,5,N
524,6,N
524,7,Y
524,8,N
524,9,N
524,10,N
525,1,Y
525,2,N
525,3,N
525,4,N
525,5,N
525,6,Y
525,7,N
525,8,N
525,9,N
525,10,N
526,1,N
526,2,N
526,3,N
526,4,N
526,5,Y
526,6,N
526,7,N
526,8,N
526,9,N
526,10,Y
527,1,N
527,2,N
527,3,N
527,4,Y
527,5,N
527,6,N
527,7,N
527,8,N
527,9,Y
527,10,N
528,1,N
528,2,N
528,3,Y
528,4,N
528,5,N
528,6,N
528,7,N
528,8,Y
528,9,N
528,10,N
529,1,N
529,2,Y
529,3,N
529,4,N
529,5,N
529,6,N
529,7,Y
529,8,N
529,9,N
529,10,N
530,1,Y
530,2,N
530,3,N
530,4,N
530,5,N
530,6,Y
530,7,N
530,8,N
530,9,N
530,10,N
531,1,N
531,2,N
531,3,N
531,4,N
531,5,Y
531,6,N
531,7,N
531,8,N
531,9,N
531,10,Y
532,1,N
532,2,N
532,3,N
532,4,Y
532,5,N
532,6,N
532,7,N
532,8,N
532,9,Y
532,10,N
533,1,N
533,2,N
533,3,Y
533,4,N
533,5,N
533,6,N
533,7,N
533,8,Y
533,9,N
533,10,N
534,1,N
534,2,Y
534,3,N
534,4,N
534,5,N
534,6,N
534,7,Y
534,8,N
534,9,N
534,10,N
535,1,Y
535,2,N
535,3,N
535,4,N
535,5,N
535,6,Y
535,7,N
535,8,N
535,9,N
535,10,N
536,1,N
536,2,N
536,3,N
536,4,N
536,5,Y
536,6,N
536,7,N
536,8,N
536,9,N
536,10,Y
537,1,N
537,2,N
537,3,N
537,4,Y
537,5,N
537,6,N
537,7,N
537,8,N
537,9,Y
537,10,N
538,1,N
538,2,N
538,3,Y
538,4,N
538,5,N
538,6,N
538,7,N
538,8,Y
538,9,N
538,10,N
539,1,N
539,2,Y
539,3,N
539,4,N
539,5,N
539,6,N
539,7,Y
539,8,N
539,9,N
539,10,N
540,1,Y
540,2,N
540,3,N
540,4,N
540,5,N
540,6,Y
540,7,N
540,8,N
540,9,N
540,10,N
541,1,N
541,2,N
541,3,N
541,4,N
541,5,Y
541,6,N
541,7,N
541,8,N
541,9,N
541,10,Y
542,1,N
542,2,N
542,3,N
542,4,Y
542,5,N
542,6,N
542,7,N
542,8,N
542,9,Y
542,10,N
543,1,N
543,2,N
543,3,Y
543,4,N
543,5,N
543,6,N
543,7,N
543,8,Y
543,9,N
543,10,N
544,1,N
544,2,Y
544,3,N
544,4,N
544,5,N
544,6,N
544,7,Y
544,8,N
544,9,N
544,10,N
545,1,Y
545,2,N
545,3,N
545,4,N
545,5,N
545,6,Y
545,7,N
545,8,N
545,9,N
545,10,N
546,1,N
546,2,N
546,3,N
546,4,N
546,5,Y
546,6,N
546,7,N
546,8,N
546,9,N
546,10,Y
547,1,N
547,2,N
547,3,N
547,4,Y
547,5,N
547,6,N
547,7,N
547,8,N
547,9,Y
547,10,N
548,1,N
548,2,N
548,3,Y
548,4,N
548,5,N
548,6,N
548,7,N
548,8,Y
548,9,N
548,10,N
549,1,N
549,2,Y
549,3,N
549,4,N
549,5,N
549,6,N
549,7,Y
549,8,N
549,9,N
549,10,N
550,1,Y
550,2,N
550,3,N
550,4,N
550,5,N
550,6,Y
550,7,N
550,8,N
550,9,N
550,10,N
551,1,N
551,2,N
551,3,N
551,4,N
551,5,Y
551,6,N
551,7,N
551,8,N
551,9,N
551,10,Y
552,1,N
552,2,N
552,3,N
552,4,Y
552,5,N
552,6,N
552,7,N
552,8,N
552,9,Y
552,10,N
553,1,N
553,2,N
553,3,Y
553,4,N
553,5,N
553,6,N
553,7,N
553,8,Y
553,9,N
553,10,N
554,1,N
554,2,Y
554,3,N
554,4,N
554,5,N
554,6,N
554,7,Y
554,8,N
554,9,N
554,10,N
555,1,Y
555,2,N
555,3,N
555,4,N
555,5,N
555,6,Y
555,7,N
555,8,N
555,9,N
555,10,N
556,1,N
556,2,N
556,3,N
556,4,N
556,5,Y
556,6,N
556,7,N
556,8,N
556,9,N
556,10,Y
557,1,N
557,2,N
557,3,N
557,4,Y
557,5,N
557,6,N
557,7,N
557,8,N
557,9,Y
557,10,N
558,1,N
558,2,N
558,3,Y
558,4,N
558,5,N
558,6,N
558,7,N
558,8,Y
558,9,N
558,10,N
559,1,N
559,2,Y
559,3,N
559,4,N
559,5,N
559,6,N
559,7,Y
559,8,N
559,9,N
559,10,N
560,1,Y
560,2,N
560,3,N
560,4,N
560,5,N
560,6,Y
560,7,N
560,8,N
560,9,N
560,10,N
561,1,N
561,2,N
561,3,N
561,4,N
561,5,Y
561,6,N
561,7,N
561,8,N
561,9,N
561,10,Y
562,1,N
562,2,N
562,3,N
562,4,Y
562,5,N
562,6,N
562,7,N
562,8,N
562,9,Y
562,10,N
563,1,N
563,2,N
563,3,Y
563,4,N
563,5,N
563,6,N
563,7,N
563,8,Y
563,9,N
563,10,N
564,1,N
564,2,Y
564,3,N
564,4,N
564,5,N
564,6,N
564,7,Y
564,8,N
564,9,N
564,10,N
565,1,Y
565,2,N
565,3,N
565,4,N
565,5,N
565,6,Y
565,7,N
565,8,N
565,9,N
565,10,N
566,1,N
566,2,N
566,3,N
566,4,N
566,5,Y
566,6,N
566,7,N
566,8,N
566,9,N
566,10,Y
567,1,N
567,2,N
567,3,N
567,4,Y
567,5,N
567,6,N
567,7,N
567,8,N
567,9,Y
567,10,N
568,1,N
568,2,N
568,3,Y
568,4,N
568,5,N
568,6,N
568,7,N
568,8,Y
568,9,N
568,10,N
569,1,N
569,2,Y
569,3,N
569,4,N
569,5,N
569,6,N
569,7,Y
569,8,N
569,9,N
569,10,N
570,1,Y
570,2,N
570,3,N
570,4,N
570,5,N
570,6,Y
570,7,N
570,8,N
570,9,N
570,10,N
571,1,N
571,2,N
571,3,N
571,4,N
571,5,Y
571,6,N
571,7,N
571,8,N
571,9,N
571,10,Y
572,1,N
572,2,N
572,3,N
572,4,Y
572,5,N
572,6,N
572,7,N
572,8,N
572,9,Y
572,10,N
573,1,N
573,2,N
573,3,Y
573,4,N
573,5,N
573,6,N
573,7,N
573,8,Y
573,9,N
573,10,N
574,1,N
574,2,Y
574,3,N
574,4,N
574,5,N
574,6,N
574,7,Y
574,8,N
574,9,N
574,10,N
575,1,Y
575,2,N
575,3,N
575,4,N
575,5,N
575,6,Y
575,7,N
575,8,N
575,9,N
575,10,N
576,1,N
576,2,N
576,3,N
576,4,N
576,5,Y
576,6,N
576,7,N
576,8,N
576,9,N
576,10,Y
577,1,N
577,2,N
577,3,N
577,4,Y
577,5,N
577,6,N
577,7,N
577,8,N
577,9,Y
577,10,N
578,1,N
578,2,N
578,3,Y
578,4,N
578,5,N
578,6,N
578,7,N
578,8,Y
578,9,N
578,10,N
579,1,N
579,2,Y
579,3,N
579,4,N
579,5,N
579,6,N
579,7,Y
579,8,N
579,9,N
579,10,N
580,1,Y
580,2,N
580,3,N
580,4,N
580,5,N
580,6,Y
580,7,N
580,8,N
580,9,N
580,10,N
581,1,N
581,2,N
581,3,N
581,4,N
581,5,Y
581,6,N
581,7,N
581,8,N
581,9,N
581,10,Y
582,1,N
582,2,N
582,3,N
582,4,Y
582,5,N
582,6,N
582,7,N
582,8,N
582,9,Y
582,10,N
583,1,N
583,2,N
583,3,Y
583,4,N
583,5,N
583,6,N
583,7,N
583,8,Y
583,9,N
583,10,N
584,1,N
584,2,Y
584,3,N
584,4,N
584,5,N
584,6,N
584,7,Y
584,8,N
584,9,N
584,10,N
585,1,Y
585,2,N
585,3,N
585,4,N
585,5,N
585,6,Y
585,7,N
585,8,N
585,9,N
585,10,N
586,1,N
586,2,N
586,3,N
586,4,N
586,5,Y
586,6,N
586,7,N
586,8,N
586,9,N
586,10,Y
587,1,N
587,2,N
587,3,N
587,4,Y
587,5,N
587,6,N
587,7,N
587,8,N
587,9,Y
587,10,N
588,1,N
588,2,N
588,3,Y
588,4,N
588,5,N
588,6,N
588,7,N
588,8,Y
588,9,N
588,10,N
589,1,N
589,2,Y
589,3,N
589,4,N
589,5,N
589,6,N
589,7,Y
589,8,N
589,9,N
589,10,N
590,1,Y
590,2,N
590,3,N
590,4,N
590,5,N
590,6,Y
590,7,N
590,8,N
590,9,N
590,10,N
591,1,N
591,2,N
591,3,N
591,4,N
591,5,Y
591,6,N
591,7,N
591,8,N
591,9,N
591,10,Y
592,1,N
592,2,N
592,3,N
592,4,Y
592,5,N
592,6,N
592,7,N
592,8,N
592,9,Y
592,10,N
593,1,N
593,2,N
593,3,Y
593,4,N
593,5,N
593,6,N
593,7,N
593,8,Y
593,9,N
593,10,N
594,1,N
594,2,Y
594,3,N
594,4,N
594,5,N
594,6,N
594,7,Y
594,8,N
594,9,N
594,10,N
595,1,Y
595,2,N
595,3,N
595,4,N
595,5,N
595,6,Y
595,7,N
595,8,N
595,9,N
595,10,N
596,1,N
596,2,N
596,3,N
596,4,N
596,5,Y
596,6,N
596,7,N
596,8,N
596,9,N
596,10,Y
597,1,N
597,2,N
597,3,N
597,4,Y
597,5,N
597,6,N
597,7,N
597,8,N
597,9,Y
597,10,N
598,1,N
598,2,N
598,3,Y
598,4,N
598,5,N
598,6,N
598,7,N
598,8,Y
598,9,N
598,10,N
599,1,N
599,2,Y
599,3,N
599,4,N
599,5,N
599,6,N
599,7,Y
599,8,N
599,9,N
599,10,N
600,1,Y
600,2,N
600,3,N
600,4,N
600,5,N
600,6,Y
600,7,N
600,8,N
600,9,N
600,10,N
601,1,N
601,2,N
601,3,N
601,4,N
601,5,Y
601,6,N
601,7,N
601,8,N
601,9,N
601,10,Y
602,1,N
602,2,N
602,3,N
602,4,Y
602,5,N
602,6,N
602,7,N
602,8,N
602,9,Y
602,10,N
603,1,N
603,2,N
603,3,Y
603,4,N
603,5,N
603,6,N
603,7,N
603,8,Y
603,9,N
603,10,N
604,1,N
604,2,Y
604,3,N
604,4,N
604,5,N
604,6,N
604,7,Y
604,8,N
604,9,N
604,10,N
605,1,Y
605,2,N
605,3,N
605,4,N
605,5,N
605,6,Y
605,7,N
605,8,N
605,9,N
605,10,N
606,1,N
606,2,N
606,3,N
606,4,N
606,5,Y
606,6,N
606,7,N
606,8,N
606,9,N
606,10,Y
607,1,N
607,2,N
607,3,N
607,4,Y
607,5,N
607,6,N
607,7,N
607,8,N
607,9,Y
607,10,N
608,1,N
608,2,N
608,3,Y
608,4,N
608,5,N
608,6,N
608,7,N
608,8,Y
608,9,N
608,10,N
609,1,N
609,2,Y
609,3,N
609,4,N
609,5,N
609,6,N
609,7,Y
609,8,N
609,9,N
609,10,N
610,1,Y
610,2,N
610,3,N
610,4,N
610,5,N
610,6,Y
610,7,N
610,8,N
610,9,N
610,10,N
611,1,N
611,2,N
611,3,N
611,4,N
611,5,Y
611,6,N
611,7,N
611,8,N
611,9,N
611,10,Y
612,1,N
612,2,N
612,3,N
612,4,Y
612,5,N
612,6,N
612,7,N
612,8,N
612,9,Y
612,10,N
613,1,N
613,2,N
613,3,Y
613,4,N
613,5,N
613,6,N
613,7,N
613,8,Y
613,9,N
613,10,N
614,1,N
614,2,Y
614,3,N
614,4,N
614,5,N
614,6,N
614,7,Y
614,8,N
614,9,N
614,10,N
615,1,Y
615,2,N
615,3,N
615,4,N
615,5,N
615,6,Y
615,7,N
615,8,N
615,9,N
615,10,N
616,1,N
616,2,N
616,3,N
616,4,N
616,5,Y
616,6,N
616,7,N
616,8,N
616,9,N
616,10,Y
617,1,N
617,2,N
617,3,N
617,4,Y
617,5,N
617,6,N
617,7,N
617,8,N
617,9,Y
617,10,N
618,1,N
618,2,N
618,3,Y
618,4,N
618,5,N
618,6,N
618,7,N
618,8,Y
618,9,N
618,10,N
619,1,N
619,2,Y
619,3,N
619,4,N
619,5,N
619,6,N
619,7,Y
619,8,N
619,9,N
619,10,N
620,1,Y
620,2,N
620,3,N
620,4,N
620,5,N
620,6,Y
620,7,N
620,8,N
620,9,N
620,10,N
621,1,N
621,2,N
621,3,N
621,4,N
621,5,Y
621,6,N
621,7,N
621,8,N
621,9,N
621,10,Y
622,1,N
622,2,N
622,3,N
622,4,Y
622,5,N
622,6,N
622,7,N
622,8,N
622,9,Y
622,10,N
623,1,N
623,2,N
623,3,Y
623,4,N
623,5,N
623,6,N
623,7,N
623,8,Y
623,9,N
623,10,N
624,1,N
624,2,Y
624,3,N
624,4,N
624,5,N
624,6,N
624,7,Y
624,8,N
624,9,N
624,10,N
625,1,Y
625,2,N
625,3,N
625,4,N
625,5,N
625,6,Y
625,7,N
625,8,N
625,9,N
625,10,N
626,1,N
626,2,N
626,3,N
626,4,N
626,5,Y
626,6,N
626,7,N
626,8,N
626,9,N
626,10,Y
627,1,N
627,2,N
627,3,N
627,4,Y
627,5,N
627,6,N
627,7,N
627,8,N
627,9,Y
627,10,N
628,1,N
628,2,N
628,3,Y
628,4,N
628,5,N
628,6,N
628,7,N
628,8,Y
628,9,N
628,10,N
629,1,N
629,2,Y
629,3,N
629,4,N
629,5,N
629,6,N
629,7,Y
629,8,N
629,9,N
629,10,N
630,1,Y
630,2,N
630,3,N
630,4,N
630,5,N
630,6,Y
630,7,N
630,8,N
630,9,N
630,10,N
631,1,N
631,2,N
631,3,N
631,4,N
631,5,Y
631,6,N
631,7,N
631,8,N
631,9,N
631,10,Y
632,1,N
632,2,N
632,3,N
632,4,Y
632,5,N
632,6,N
632,7,N
632,8,N
632,9,Y
632,10,N
633,1,N
633,2,N
633,3,Y
633,4,N
633,5,N
633,6,N
633,7,N
633,8,Y
633,9,N
633,10,N
634,1,N
634,2,Y
634,3,N
634,4,N
634,5,N
634,6,N
634,7,Y
634,8,N
634,9,N
634,10,N
635,1,Y
635,2,N
635,3,N
635,4,N
635,5,N
635,6,Y
635,7,N
635,8,N
635,9,N
635,10,N
636,1,N
636,2,N
636,3,N
636,4,N
636,5,Y
636,6,N
636,7,N
636,8,N
636,9,N
636,10,Y
637,1,N
637,2,N
637,3,N
637,4,Y
637,5,N
637,6,N
637,7,N
637,8,N
637,9,Y
637,10,N
638,1,N
638,2,N
638,3,Y
638,4,N
638,5,N
638,6,N
638,7,N
638,8,Y
638,9,N
638,10,N
639,1,N
639,2,Y
639,3,N
639,4,N
639,5,N
639,6,N
639,7,Y
639,8,N
639,9,N
639,10,N
640,1,Y
640,2,N
640,3,N
640,4,N
640,5,N
640,6,Y
640,7,N
640,8,N
640,9,N
640,10,N
641,1,N
641,2,N
641,3,N
641,4,N
641,5,Y
641,6,N
641,7,N
641,8,N
641,9,N
641,10,Y
642,1,N
642,2,N
642,3,N
642,4,Y
642,5,N
642,6,N
642,7,N
642,8,N
642,9,Y
642,10,N
643,1,N
643,2,N
643,3,Y
643,4,N
643,5,N
643,6,N
643,7,N
643,8,Y
643,9,N
643,10,N
644,1,N
644,2,Y
644,3,N
644,4,N
644,5,N
644,6,N
644,7,Y
644,8,N
644,9,N
644,10,N
645,1,Y
645,2,N
645,3,N
645,4,N
645,5,N
645,6,Y
645,7,N
645,8,N
645,9,N
645,10,N
646,1,N
646,2,N
646,3,N
646,4,N
646,5,Y
646,6,N
646,7,N
646,8,N
646,9,N
646,10,Y
647,1,N
647,2,N
647,3,N
647,4,Y
647,5,N
647,6,N
647,7,N
647,8,N
647,9,Y
647,10,N
648,1,N
648,2,N
648,3,Y
648,4,N
648,5,N
648,6,N
648,7,N
648,8,Y
648,9,N
648,10,N
649,1,N
649,2,Y
649,3,N
649,4,N
649,5,N
649,6,N
649,7,Y
649,8,N
649,9,N
649,10,N
650,1,Y
650,2,N
650,3,N
650,4,N
650,5,N
650,6,Y
650,7,N
650,8,N
650,9,N
650,10,N
651,1,N
651,2,N
651,3,N
651,4,N
651,5,Y
651,6,N
651,7,N
651,8,N
651,9,N
651,10,Y
652,1,N
652,2,N
652,3,N
652,4,Y
652,5,N
652,6,N
652,7,N
652,8,N
652,9,Y
652,10,N
653,1,N
653,2,N
653,3,Y
653,4,N
653,5,N
653,6,N
653,7,N
653,8,Y
653,9,N
653,10,N
654,1,N
654,2,Y
654,3,N
654,4,N
654,5,N
654,6,N
654,7,Y
654,8,N
654,9,N
654,10,N
655,1,Y
655,2,N
655,3,N
655,4,N
655,5,N
655,6,Y
655,7,N
655,8,N
655,9,N
655,10,N
656,1,N
656,2,N
656,3,N
656,4,N
656,5,Y
656,6,N
656,7,N
656,8,N
656,9,N
656,10,Y
657,1,N
657,2,N
657,3,N
657,4,Y
657,5,N
657,6,N
657,7,N
657,8,N
657,9,Y
657,10,N
658,1,N
658,2,N
658,3,Y
658,4,N
658,5,N
658,6,N
658,7,N
658,8,Y
658,9,N
658,10,N
659,1,N
659,2,Y
659,3,N
659,4,N
659,5,N
659,6,N
659,7,Y
659,8,N
659,9,N
659,10,N
660,1,Y
660,2,N
660,3,N
660,4,N
660,5,N
660,6,Y
660,7,N
660,8,N
660,9,N
660,10,N
661,1,N
661,2,N
661,3,N
661,4,N
661,5,Y
661,6,N
661,7,N
661,8,N
661,9,N
661,10,Y
662,1,N
662,2,N
662,3,N
662,4,Y
662,5,N
662,6,N
662,7,N
662,8,N
662,9,Y
662,10,N
663,1,N
663,2,N
663,3,Y
663,4,N
663,5,N
663,6,N
663,7,N
663,8,Y
663,9,N
663,10,N
664,1,N
664,2,Y
664,3,N
664,4,N
664,5,N
664,6,N
664,7,Y
664,8,N
664,9,N
664,10,N
665,1,Y
665,2,N
665,3,N
665,4,N
665,5,N
665,6,Y
665,7,N
665,8,N
665,9,N
665,10,N
666,1,N
666,2,N
666,3,N
666,4,N
666,5,Y
666,6,N
666,7,N
666,8,N
666,9,N
666,10,Y
667,1,N
667,2,N
667,3,N
667,4,Y
667,5,N
667,6,N
667,7,N
667,8,N
667,9,Y
667,10,N
668,1,N
668,2,N
668,3,Y
668,4,N
668,5,N
668,6,N
668,7,N
668,8,Y
668,9,N
668,10,N
669,1,N
669,2,Y
669,3,N
669,4,N
669,5,N
669,6,N
669,7,Y
669,8,N
669,9,N
669,10,N
670,1,Y
670,2,N
670,3,N
670,4,N
670,5,N
670,6,Y
670,7,N
670,8,N
670,9,N
670,10,N
671,1,N
671,2,N
671,3,N
671,4,N
671,5,Y
671,6,N
671,7,N
671,8,N
671,9,N
671,10,Y
672,1,N
672,2,N
672,3,N
672,4,Y
672,5,N
672,6,N
672,7,N
672,8,N
672,9,Y
672,10,N
673,1,N
673,2,N
673,3,Y
673,4,N
673,5,N
673,6,N
673,7,N
673,8,Y
673,9,N
673,10,N
674,1,N
674,2,Y
674,3,N
674,4,N
674,5,N
674,6,N
674,7,Y
674,8,N
674,9,N
674,10,N
675,1,Y
675,2,N
675,3,N
675,4,N
675,5,N
675,6,Y
675,7,N
675,8,N
675,9,N
675,10,N
676,1,N
676,2,N
676,3,N
676,4,N
676,5,Y
676,6,N
676,7,N
676,8,N
676,9,N
676,10,Y
677,1,N
677,2,N
677,3,N
677,4,Y
677,5,N
677,6,N
677,7,N
677,8,N
677,9,Y
677,10,N
678,1,N
678,2,N
678,3,Y
678,4,N
678,5,N
678,6,N
678,7,N
678,8,Y
678,9,N
678,10,N
679,1,N
679,2,Y
679,3,N
679,4,N
679,5,N
679,6,N
679,7,Y
679,8,N
679,9,N
679,10,N
680,1,Y
680,2,N
680,3,N
680,4,N
680,5,N
680,6,Y
680,7,N
680,8,N
680,9,N
680,10,N
681,1,N
681,2,N
681,3,N
681,4,N
681,5,Y
681,6,N
681,7,N
681,8,N
681,9,N
681,10,Y
682,1,N
682,2,N
682,3,N
682,4,Y
682,5,N
682,6,N
682,7,N
682,8,N
682,9,Y
682,10,N
683,1,N
683,2,N
683,3,Y
683,4,N
683,5,N
683,6,N
683,7,N
683,8,Y
683,9,N
683,10,N
684,1,N
684,2,Y
684,3,N
684,4,N
684,5,N
684,6,N
684,7,Y
684,8,N
684,9,N
684,10,N
685,1,Y
685,2,N
685,3,N
685,4,N
685,5,N
685,6,Y
685,7,N
685,8,N
685,9,N
685,10,N
686,1,N
686,2,N
686,3,N
686,4,N
686,5,Y
686,6,N
686,7,N
686,8,N
686,9,N
686,10,Y
687,1,N
687,2,N
687,3,N
687,4,Y
687,5,N
687,6,N
687,7,N
687,8,N
687,9,Y
687,10,N
688,1,N
688,2,N
688,3,Y
688,4,N
688,5,N
688,6,N
688,7,N
688,8,Y
688,9,N
688,10,N
689,1,N
689,2,Y
689,3,N
689,4,N
689,5,N
689,6,N
689,7,Y
689,8,N
689,9,N
689,10,N
690,1,Y
690,2,N
690,3,N
690,4,N
690,5,N
690,6,Y
690,7,N
690,8,N
690,9,N
690,10,N
691,1,N
691,2,N
691,3,N
691,4,N
691,5,Y
691,6,N
691,7,N
691,8,N
691,9,N
691,10,Y
692,1,N
692,2,N
692,3,N
692,4,Y
692,5,N
692,6,N
692,7,N
692,8,N
692,9,Y
692,10,N
693,1,N
693,2,N
693,3,Y
693,4,N
693,5,N
693,6,N
693,7,N
693,8,Y
693,9,N
693,10,N
694,1,N
694,2,Y
694,3,N
694,4,N
694,5,N
694,6,N
694,7,Y
694,8,N
694,9,N
694,10,N
695,1,Y
695,2,N
695,3,N
695,4,N
695,5,N
695,6,Y
695,7,N
695,8,N
695,9,N
695,10,N
696,1,N
696,2,N
696,3,N
696,4,N
696,5,Y
696,6,N
696,7,N
696,8,N
696,9,N
696,10,Y
697,1,N
697,2,N
697,3,N
697,4,Y
697,5,N
697,6,N
697,7,N
697,8,N
697,9,Y
697,10,N
698,1,N
698,2,N
698,3,Y
698,4,N
698,5,N
698,6,N
698,7,N
698,8,Y
698,9,N
698,10,N
699,1,N
699,2,Y
699,3,N
699,4,N
699,5,N
699,6,N
699,7,Y
699,8,N
699,9,N
699,10,N
700,1,Y
700,2,N
700,3,N
700,4,N
700,5,N
700,6,Y
700,7,N
700,8,N
700,9,N
700,10,N
701,1,N
701,2,N
701,3,N
701,4,N
701,5,Y
701,6,N
701,7,N
701,8,N
701,9,N
701,10,Y
702,1,N
702,2,N
702,3,N
702,4,Y
702,5,N
702,6,N
702,7,N
702,8,N
702,9,Y
702,10,N
703,1,N
703,2,N
703,3,Y
703,4,N
703,5,N
703,6,N
703,7,N
703,8,Y
703,9,N
703,10,N
704,1,N
704,2,Y
704,3,N
704,4,N
704,5,N
704,6,N
704,7,Y
704,8,N
704,9,N
704,10,N
705,1,Y
705,2,N
705,3,N
705,4,N
705,5,N
705,6,Y
705,7,N
705,8,N
705,9,N
705,10,N
706,1,N
706,2,N
706,3,N
706,4,N
706,5,Y
706,6,N
706,7,N
706,8,N
706,9,N
706,10,Y
707,1,N
707,2,N
707,3,N
707,4,Y
707,5,N
707,6,N
707,7,N
707,8,N
707,9,Y
707,10,N
708,1,N
708,2,N
708,3,Y
708,4,N
708,5,N
708,6,N
708,7,N
708,8,Y
708,9,N
708,10,N
709,1,N
709,2,Y
709,3,N
709,4,N
709,5,N
709,6,N
709,7,Y
709,8,N
709,9,N
709,10,N
710,1,Y
710,2,N
710,3,N
710,4,N
710,5,N
710,6,Y
710,7,N
710,8,N
710,9,N
710,10,N
711,1,N
711,2,N
711,3,N
711,4,N
711,5,Y
711,6,N
711,7,N
711,8,N
711,9,N
711,10,Y
712,1,N
712,2,N
712,3,N
712,4,Y
712,5,N
712,6,N
712,7,N
712,8,N
712,9,Y
712,10,N
713,1,N
713,2,N
713,3,Y
713,4,N
713,5,N
713,6,N
713,7,N
713,8,Y
713,9,N
713,10,N
714,1,N
714,2,Y
714,3,N
714,4,N
714,5,N
714,6,N
714,7,Y
714,8,N
714,9,N
714,10,N
715,1,Y
715,2,N
715,3,N
715,4,N
715,5,N
715,6,Y
715,7,N
715,8,N
715,9,N
715,10,N
716,1,N
716,2,N
716,3,N
716,4,N
716,5,Y
716,6,N
716,7,N
716,8,N
716,9,N
716,10,Y
717,1,N
717,2,N
717,3,N
717,4,Y
717,5,N
717,6,N
717,7,N
717,8,N
717,9,Y
717,10,N
718,1,N
718,2,N
718,3,Y
718,4,N
718,5,N
718,6,N
718,7,N
718,8,Y
718,9,N
718,10,N
719,1,N
719,2,Y
719,3,N
719,4,N
719,5,N
719,6,N
719,7,Y
719,8,N
719,9,N
719,10,N
720,1,Y
720,2,N
720,3,N
720,4,N
720,5,N
720,6,Y
720,7,N
720,8,N
720,9,N
720,10,N
721,1,N
721,2,N
721,3,N
721,4,N
721,5,Y
721,6,N
721,7,N
721,8,N
721,9,N
721,10,Y
722,1,N
722,2,N
722,3,N
722,4,Y
722,5,N
722,6,N
722,7,N
722,8,N
722,9,Y
722,10,N
723,1,N
723,2,N
723,3,Y
723,4,N
723,5,N
723,6,N
723,7,N
723,8,Y
723,9,N
723,10,N
724,1,N
724,2,Y
724,3,N
724,4,N
724,5,N
724,6,N
724,7,Y
724,8,N
724,9,N
724,10,N
725,1,Y
725,2,N
725,3,N
725,4,N
725,5,N
725,6,Y
725,7,N
725,8,N
725,9,N
725,10,N
726,1,N
726,2,N
726,3,N
726,4,N
726,5,Y
726,6,N
726,7,N
726,8,N
726,9,N
726,10,Y
727,1,N
727,2,N
727,3,N
727,4,Y
727,5,N
727,6,N
727,7,N
727,8,N
727,9,Y
727,10,N
728,1,N
728,2,N
728,3,Y
728,4,N
728,5,N
728,6,N
728,7,N
728,8,Y
728,9,N
728,10,N
729,1,N
729,2,Y
729,3,N
729,4,N
729,5,N
729,6,N
729,7,Y
729,8,N
729,9,N
729,10,N
730,1,Y
730,2,N
730,3,N
730,4,N
730,5,N
730,6,Y
730,7,N
730,8,N
730,9,N
730,10,N
731,1,N
731,2,N
731,3,N
731,4,N
731,5,Y
731,6,N
731,7,N
731,8,N
731,9,N
731,10,Y
732,1,N
732,2,N
732,3,N
732,4,Y
732,5,N
732,6,N
732,7,N
732,8,N
732,9,Y
732,10,N
733,1,N
733,2,N
733,3,Y
733,4,N
733,5,N
733,6,N
733,7,N
733,8,Y
733,9,N
733,10,N
734,1,N
734,2,Y
734,3,N
734,4,N
734,5,N
734,6,N
734,7,Y
734,8,N
734,9,N
734,10,N
735,1,Y
735,2,N
735,3,N
735,4,N
735,5,N
735,6,Y
735,7,N
735,8,N
735,9,N
735,10,N
736,1,N
736,2,N
736,3,N
736,4,N
736,5,Y
736,6,N
736,7,N
736,8,N
736,9,N
736,10,Y
737,1,N
737,2,N
737,3,N
737,4,Y
737,5,N
737,6,N
737,7,N
737,8,N
737,9,Y
737,10,N
738,1,N
738,2,N
738,3,Y
738,4,N
738,5,N
738,6,N
738,7,N
738,8,Y
738,9,N
738,10,N
739,1,N
739,2,Y
739,3,N
739,4,N
739,5,N
739,6,N
739,7,Y
739,8,N
739,9,N
739,10,N
740,1,Y
740,2,N
740,3,N
740,4,N
740,5,N
740,6,Y
740,7,N
740,8,N
740,9,N
740,10,N
741,1,N
741,2,N
741,3,N
741,4,N
741,5,Y
741,6,N
741,7,N
741,8,N
741,9,N
741,10,Y
742,1,N
742,2,N
742,3,N
742,4,Y
742,5,N
742,6,N
742,7,N
742,8,N
742,9,Y
742,10,N
743,1,N
743,2,N
743,3,Y
743,4,N
743,5,N
743,6,N
743,7,N
743,8,Y
743,9,N
743,10,N
744,1,N
744,2,Y
744,3,N
744,4,N
744,5,N
744,6,N
744,7,Y
744,8,N
744,9,N
744,10,N
745,1,Y
745,2,N
745,3,N
745,4,N
745,5,N
745,6,Y
745,7,N
745,8,N
745,9,N
745,10,N
746,1,N
746,2,N
746,3,N
746,4,N
746,5,Y
746,6,N
746,7,N
746,8,N
746,9,N
746,10,Y
747,1,N
747,2,N
747,3,N
747,4,Y
747,5,N
747,6,N
747,7,N
747,8,N
747,9,Y
747,10,N
748,1,N
748,2,N
748,3,Y
748,4,N
748,5,N
748,6,N
748,7,N
748,8,Y
748,9,N
748,10,N
749,1,N
749,2,Y
749,3,N
749,4,N
749,5,N
749,6,N
749,7,Y
749,8,N
749,9,N
749,10,N
750,1,Y
750,2,N
750,3,N
750,4,N
750,5,N
750,6,Y
750,7,N
750,8,N
750,9,N
750,10,N
751,1,N
751,2,N
751,3,N
751,4,N
751,5,Y
751,6,N
751,7,N
751,8,N
751,9,N
751,10,Y
752,1,N
752,2,N
752,3,N
752,4,Y
752,5,N
752,6,N
752,7,N
752,8,N
752,9,Y
752,10,N
753,1,N
753,2,N
753,3,Y
753,4,N
753,5,N
753,6,N
753,7,N
753,8,Y
753,9,N
753,10,N
754,1,N
754,2,Y
754,3,N
754,4,N
754,5,N
754,6,N
754,7,Y
754,8,N
754,9,N
754,10,N
755,1,Y
755,2,N
755,3,N
755,4,N
755,5,N
755,6,Y
755,7,N
755,8,N
755,9,N
755,10,N
756,1,N
756,2,N
756,3,N
756,4,N
756,5,Y
756,6,N
756,7,N
756,8,N
756,9,N
756,10,Y
757,1,N
757,2,N
757,3,N
757,4,Y
757,5,N
757,6,N
757,7,N
757,8,N
757,9,Y
757,10,N
758,1,N
758,2,N
758,3,Y
758,4,N
758,5,N
758,6,N
758,7,N
758,8,Y
758,9,N
758,10,N
759,1,N
759,2,Y
759,3,N
759,4,N
759,5,N
759,6,N
759,7,Y
759,8,N
759,9,N
759,10,N
760,1,Y
760,2,N
760,3,N
760,4,N
760,5,N
760,6,Y
760,7,N
760,8,N
760,9,N
760,10,N
761,1,N
761,2,N
761,3,N
761,4,N
761,5,Y
761,6,N
761,7,N
761,8,N
761,9,N
761,10,Y
762,1,N
762,2,N
762,3,N
762,4,Y
762,5,N
762,6,N
762,7,N
762,8,N
762,9,Y
762,10,N
763,1,N
763,2,N
763,3,Y
763,4,N
763,5,N
763,6,N
763,7,N
763,8,Y
763,9,N
763,10,N
764,1,N
764,2,Y
764,3,N
764,4,N
764,5,N
764,6,N
764,7,Y
764,8,N
764,9,N
764,10,N
765,1,Y
765,2,N
765,3,N
765,4,N
765,5,N
765,6,Y
765,7,N
765,8,N
765,9,N
765,10,N
766,1,N
766,2,N
766,3,N
766,4,N
766,5,Y
766,6,N
766,7,N
766,8,N
766,9,N
766,10,Y
767,1,N
767,2,N
767,3,N
767,4,Y
767,5,N
767,6,N
767,7,N
767,8,N
767,9,Y
767,10,N
768,1,N
768,2,N
768,3,Y
768,4,N
768,5,N
768,6,N
768,7,N
768,8,Y
768,9,N
768,10,N
769,1,N
769,2,Y
769,3,N
769,4,N
769,5,N
769,6,N
769,7,Y
769,8,N
769,9,N
769,10,N
770,1,Y
770,2,N
770,3,N
770,4,N
770,5,N
770,6,Y
770,7,N
770,8,N
770,9,N
770,10,N
771,1,N
771,2,N
771,3,N
771,4,N
771,5,Y
771,6,N
771,7,N
771,8,N
771,9,N
771,10,Y
772,1,N
772,2,N
772,3,N
772,4,Y
772,5,N
772,6,N
772,7,N
772,8,N
772,9,Y
772,10,N
773,1,N
773,2,N
773,3,Y
773,4,N
773,5,N
773,6,N
773,7,N
773,8,Y
773,9,N
773,10,N
774,1,N
774,2,Y
774,3,N
774,4,N
774,5,N
774,6,N
774,7,Y
774,8,N
774,9,N
774,10,N
775,1,Y
775,2,N
775,3,N
775,4,N
775,5,N
775,6,Y
775,7,N
775,8,N
775,9,N
775,10,N
776,1,N
776,2,N
776,3,N
776,4,N
776,5,Y
776,6,N
776,7,N
776,8,N
776,9,N
776,10,Y
777,1,N
777,2,N
777,3,N
777,4,Y
777,5,N
777,6,N
777,7,N
777,8,N
777,9,Y
777,10,N
778,1,N
778,2,N
778,3,Y
778,4,N
778,5,N
778,6,N
778,7,N
778,8,Y
778,9,N
778,10,N
779,1,N
779,2,Y
779,3,N
779,4,N
779,5,N
779,6,N
779,7,Y
779,8,N
779,9,N
779,10,N
780,1,Y
780,2,N
780,3,N
780,4,N
780,5,N
780,6,Y
780,7,N
780,8,N
780,9,N
780,10,N
781,1,N
781,2,N
781,3,N
781,4,N
781,5,Y
781,6,N
781,7,N
781,8,N
781,9,N
781,10,Y
782,1,N
782,2,N
782,3,N
782,4,Y
782,5,N
782,6,N
782,7,N
782,8,N
782,9,Y
782,10,N
783,1,N
783,2,N
783,3,Y
783,4,N
783,5,N
783,6,N
783,7,N
783,8,Y
783,9,N
783,10,N
784,1,N
784,2,Y
784,3,N
784,4,N
784,5,N
784,6,N
784,7,Y
784,8,N
784,9,N
784,10,N
785,1,Y
785,2,N
785,3,N
785,4,N
785,5,N
785,6,Y
785,7,N
785,8,N
785,9,N
785,10,N
786,1,N
786,2,N
786,3,N
786,4,N
786,5,Y
786,6,N
786,7,N
786,8,N
786,9,N
786,10,Y
787,1,N
787,2,N
787,3,N
787,4,Y
787,5,N
787,6,N
787,7,N
787,8,N
787,9,Y
787,10,N
788,1,N
788,2,N
788,3,Y
788,4,N
788,5,N
788,6,N
788,7,N
788,8,Y
788,9,N
788,10,N
789,1,N
789,2,Y
789,3,N
789,4,N
789,5,N
789,6,N
789,7,Y
789,8,N
789,9,N
789,10,N
790,1,Y
790,2,N
790,3,N
790,4,N
790,5,N
790,6,Y
790,7,N
790,8,N
790,9,N
790,10,N
791,1,N
791,2,N
791,3,N
791,4,N
791,5,Y
791,6,N
791,7,N
791,8,N
791,9,N
791,10,Y
792,1,N
792,2,N
792,3,N
792,4,Y
792,5,N
792,6,N
792,7,N
792,8,N
792,9,Y
792,10,N
793,1,N
793,2,N
793,3,Y
793,4,N
793,5,N
793,6,N
793,7,N
793,8,Y
793,9,N
793,10,N
794,1,N
794,2,Y
794,3,N
794,4,N
794,5,N
794,6,N
794,7,Y
794,8,N
794,9,N
794,10,N
795,1,Y
795,2,N
795,3,N
795,4,N
795,5,N
795,6,Y
795,7,N
795,8,N
795,9,N
795,10,N
796,1,N
796,2,N
796,3,N
796,4,N
796,5,Y
796,6,N
796,7,N
796,8,N
796,9,N
796,10,Y
797,1,N
797,2,N
797,3,N
797,4,Y
797,5,N
797,6,N
797,7,N
797,8,N
797,9,Y
797,10,N
798,1,N
798,2,N
798,3,Y
798,4,N
798,5,N
798,6,N
798,7,N
798,8,Y
798,9,N
798,10,N
799,1,N
799,2,Y
799,3,N
799,4,N
799,5,N
799,6,N
799,7,Y
799,8,N
799,9,N
799,10,N
800,1,Y
800,2,N
800,3,N
800,4,N
800,5,N
800,6,Y
800,7,N
800,8,N
800,9,N
800,10,N
801,1,N
801,2,N
801,3,N
801,4,N
801,5,Y
801,6,N
801,7,N
801,8,N
801,9,N
801,10,Y
802,1,N
802,2,N
802,3,N
802,4,Y
802,5,N
802,6,N
802,7,N
802,8,N
802,9,Y
802,10,N
803,1,N
803,2,N
803,3,Y
803,4,N
803,5,N
803,6,N
803,7,N
803,8,Y
803,9,N
803,10,N
804,1,N
804,2,Y
804,3,N
804,4,N
804,5,N
804,6,N
804,7,Y
804,8,N
804,9,N
804,10,N
805,1,Y
805,2,N
805,3,N
805,4,N
805,5,N
805,6,Y
805,7,N
805,8,N
805,9,N
805,10,N
806,1,N
806,2,N
806,3,N
806,4,N
806,5,Y
806,6,N
806,7,N
806,8,N
806,9,N
806,10,Y
807,1,N
807,2,N
807,3,N
807,4,Y
807,5,N
807,6,N
807,7,N
807,8,N
807,9,Y
807,10,N
808,1,N
808,2,N
808,3,Y
808,4,N
808,5,N
808,6,N
808,7,N
808,8,Y
808,9,N
808,10,N
809,1,N
809,2,Y
809,3,N
809,4,N
809,5,N
809,6,N
809,7,Y
809,8,N
809,9,N
809,10,N
810,1,Y
810,2,N
810,3,N
810,4,N
810,5,N
810,6,Y
810,7,N
810,8,N
810,9,N
810,10,N
811,1,N
811,2,N
811,3,N
811,4,N
811,5,Y
811,6,N
811,7,N
811,8,N
811,9,N
811,10,Y
812,1,N
812,2,N
812,3,N
812,4,Y
812,5,N
812,6,N
812,7,N
812,8,N
812,9,Y
812,10,N
813,1,N
813,2,N
813,3,Y
813,4,N
813,5,N
813,6,N
813,7,N
813,8,Y
813,9,N
813,10,N
814,1,N
814,2,Y
814,3,N
814,4,N
814,5,N
814,6,N
814,7,Y
814,8,N
814,9,N
814,10,N
815,1,Y
815,2,N
815,3,N
815,4,N
815,5,N
815,6,Y
815,7,N
815,8,N
815,9,N
815,10,N
816,1,N
816,2,N
816,3,N
816,4,N
816,5,Y
816,6,N
816,7,N
816,8,N
816,9,N
816,10,Y
817,1,N
817,2,N
817,3,N
817,4,Y
817,5,N
817,6,N
817,7,N
817,8,N
817,9,Y
817,10,N
818,1,N
818,2,N
818,3,Y
818,4,N
818,5,N
818,6,N
818,7,N
818,8,Y
818,9,N
818,10,N
819,1,N
819,2,Y
819,3,N
819,4,N
819,5,N
819,6,N
819,7,Y
819,8,N
819,9,N
819,10,N
820,1,Y
820,2,N
820,3,N
820,4,N
820,5,N
820,6,Y
820,7,N
820,8,N
820,9,N
820,10,N
821,1,N
821,2,N
821,3,N
821,4,N
821,5,Y
821,6,N
821,7,N
821,8,N
821,9,N
821,10,Y
822,1,N
822,2,N
822,3,N
822,4,Y
822,5,N
822,6,N
822,7,N
822,8,N
822,9,Y
822,10,N
823,1,N
823,2,N
823,3,Y
823,4,N
823,5,N
823,6,N
823,7,N
823,8,Y
823,9,N
823,10,N
824,1,N
824,2,Y
824,3,N
824,4,N
824,5,N
824,6,N
824,7,Y
824,8,N
824,9,N
824,10,N
825,1,Y
825,2,N
825,3,N
825,4,N
825,5,N
825,6,Y
825,7,N
825,8,N
825,9,N
825,10,N
826,1,N
826,2,N
826,3,N
826,4,N
826,5,Y
826,6,N
826,7,N
826,8,N
826,9,N
826,10,Y
827,1,N
827,2,N
827,3,N
827,4,Y
827,5,N
827,6,N
827,7,N
827,8,N
827,9,Y
827,10,N
828,1,N
828,2,N
828,3,Y
828,4,N
828,5,N
828,6,N
828,7,N
828,8,Y
828,9,N
828,10,N
829,1,N
829,2,Y
829,3,N
829,4,N
829,5,N
829,6,N
829,7,Y
829,8,N
829,9,N
829,10,N
830,1,Y
830,2,N
830,3,N
830,4,N
830,5,N
830,6,Y
830,7,N
830,8,N
830,9,N
830,10,N
831,1,N
831,2,N
831,3,N
831,4,N
831,5,Y
831,6,N
831,7,N
831,8,N
831,9,N
831,10,Y
832,1,N
832,2,N
832,3,N
832,4,Y
832,5,N
832,6,N
832,7,N
832,8,N
832,9,Y
832,10,N
833,1,N
833,2,N
833,3,Y
833,4,N
833,5,N
833,6,N
833,7,N
833,8,Y
833,9,N
833,10,N
834,1,N
834,2,Y
834,3,N
834,4,N
834,5,N
834,6,N
834,7,Y
834,8,N
834,9,N
834,10,N
835,1,Y
835,2,N
835,3,N
835,4,N
835,5,N
835,6,Y
835,7,N
835,8,N
835,9,N
835,10,N
836,1,N
836,2,N
836,3,N
836,4,N
836,5,Y
836,6,N
836,7,N
836,8,N
836,9,N
836,10,Y
837,1,N
837,2,N
837,3,N
837,4,Y
837,5,N
837,6,N
837,7,N
837,8,N
837,9,Y
837,10,N
838,1,N
838,2,N
838,3,Y
838,4,N
838,5,N
838,6,N
838,7,N
838,8,Y
838,9,N
838,10,N
839,1,N
839,2,Y
839,3,N
839,4,N
839,5,N
839,6,N
839,7,Y
839,8,N
839,9,N
839,10,N
840,1,Y
840,2,N
840,3,N
840,4,N
840,5,N
840,6,Y
840,7,N
840,8,N
840,9,N
840,10,N
841,1,N
841,2,N
841,3,N
841,4,N
841,5,Y
841,6,N
841,7,N
841,8,N
841,9,N
841,10,Y
842,1,N
842,2,N
842,3,N
842,4,Y
842,5,N
842,6,N
842,7,N
842,8,N
842,9,Y
842,10,N
843,1,N
843,2,N
843,3,Y
843,4,N
843,5,N
843,6,N
843,7,N
843,8,Y
843,9,N
843,10,N
844,1,N
844,2,Y
844,3,N
844,4,N
844,5,N
844,6,N
844,7,Y
844,8,N
844,9,N
844,10,N
845,1,Y
845,2,N
845,3,N
845,4,N
845,5,N
845,6,Y
845,7,N
845,8,N
845,9,N
845,10,N
846,1,N
846,2,N
846,3,N
846,4,N
846,5,Y
846,6,N
846,7,N
846,8,N
846,9,N
846,10,Y
847,1,N
847,2,N
847,3,N
847,4,Y
847,5,N
847,6,N
847,7,N
847,8,N
847,9,Y
847,10,N
848,1,N
848,2,N
848,3,Y
848,4,N
848,5,N
848,6,N
848,7,N
848,8,Y
848,9,N
848,10,N
849,1,N
849,2,Y
849,3,N
849,4,N
849,5,N
849,6,N
849,7,Y
849,8,N
849,9,N
849,10,N
850,1,Y
850,2,N
850,3,N
850,4,N
850,5,N
850,6,Y
850,7,N
850,8,N
850,9,N
850,10,N
851,1,N
851,2,N
851,3,N
851,4,N
851,5,Y
851,6,N
851,7,N
851,8,N
851,9,N
851,10,Y
852,1,N
852,2,N
852,3,N
852,4,Y
852,5,N
852,6,N
852,7,N
852,8,N
852,9,Y
852,10,N
853,1,N
853,2,N
853,3,Y
853,4,N
853,5,N
853,6,N
853,7,N
853,8,Y
853,9,N
853,10,N
854,1,N
854,2,Y
854,3,N
854,4,N
854,5,N
854,6,N
854,7,Y
854,8,N
854,9,N
854,10,N
855,1,Y
855,2,N
855,3,N
855,4,N
855,5,N
855,6,Y
855,7,N
855,8,N
855,9,N
855,10,N
856,1,N
856,2,N
856,3,N
856,4,N
856,5,Y
856,6,N
856,7,N
856,8,N
856,9,N
856,10,Y
857,1,N
857,2,N
857,3,N
857,4,Y
857,5,N
857,6,N
857,7,N
857,8,N
857,9,Y
857,10,N
858,1,N
858,2,N
858,3,Y
858,4,N
858,5,N
858,6,N
858,7,N
858,8,Y
858,9,N
858,10,N
859,1,N
859,2,Y
859,3,N
859,4,N
859,5,N
859,6,N
859,7,Y
859,8,N
859,9,N
859,10,N
860,1,Y
860,2,N
860,3,N
860,4,N
860,5,N
860,6,Y
860,7,N
860,8,N
860,9,N
860,10,N
861,1,N
861,2,N
861,3,N
861,4,N
861,5,Y
861,6,N
861,7,N
861,8,N
861,9,N
861,10,Y
862,1,N
862,2,N
862,3,N
862,4,Y
862,5,N
862,6,N
862,7,N
862,8,N
862,9,Y
862,10,N
863,1,N
863,2,N
863,3,Y
863,4,N
863,5,N
863,6,N
863,7,N
863,8,Y
863,9,N
863,10,N
864,1,N
864,2,Y
864,3,N
864,4,N
864,5,N
864,6,N
864,7,Y
864,8,N
864,9,N
864,10,N
865,1,Y
865,2,N
865,3,N
865,4,N
865,5,N
865,6,Y
865,7,N
865,8,N
865,9,N
865,10,N
866,1,N
866,2,N
866,3,N
866,4,N
866,5,Y
866,6,N
866,7,N
866,8,N
866,9,N
866,10,Y
867,1,N
867,2,N
867,3,N
867,4,Y
867,5,N
867,6,N
867,7,N
867,8,N
867,9,Y
867,10,N
868,1,N
868,2,N
868,3,Y
868,4,N
868,5,N
868,6,N
868,7,N
868,8,Y
868,9,N
868,10,N
869,1,N
869,2,Y
869,3,N
869,4,N
869,5,N
869,6,N
869,7,Y
869,8,N
869,9,N
869,10,N
870,1,Y
870,2,N
870,3,N
870,4,N
870,5,N
870,6,Y
870,7,N
870,8,N
870,9,N
870,10,N
871,1,N
871,2,N
871,3,N
871,4,N
871,5,Y
871,6,N
871,7,N
871,8,N
871,9,N
871,10,Y
872,1,N
872,2,N
872,3,N
872,4,Y
872,5,N
872,6,N
872,7,N
872,8,N
872,9,Y
872,10,N
873,1,N
873,2,N
873,3,Y
873,4,N
873,5,N
873,6,N
873,7,N
873,8,Y
873,9,N
873,10,N
874,1,N
874,2,Y
874,3,N
874,4,N
874,5,N
874,6,N
874,7,Y
874,8,N
874,9,N
874,10,N
875,1,Y
875,2,N
875,3,N
875,4,N
875,5,N
875,6,Y
875,7,N
875,8,N
875,9,N
875,10,N
876,1,N
876,2,N
876,3,N
876,4,N
876,5,Y
876,6,N
876,7,N
876,8,N
876,9,N
876,10,Y
877,1,N
877,2,N
877,3,N
877,4,Y
877,5,N
877,6,N
877,7,N
877,8,N
877,9,Y
877,10,N
878,1,N
878,2,N
878,3,Y
878,4,N
878,5,N
878,6,N
878,7,N
878,8,Y
878,9,N
878,10,N
879,1,N
879,2,Y
879,3,N
879,4,N
879,5,N
879,6,N
879,7,Y
879,8,N
879,9,N
879,10,N
880,1,Y
880,2,N
880,3,N
880,4,N
880,5,N
880,6,Y
880,7,N
880,8,N
880,9,N
880,10,N
881,1,N
881,2,N
881,3,N
881,4,N
881,5,Y
881,6,N
881,7,N
881,8,N
881,9,N
881,10,Y
882,1,N
882,2,N
882,3,N
882,4,Y
882,5,N
882,6,N
882,7,N
882,8,N
882,9,Y
882,10,N
883,1,N
883,2,N
883,3,Y
883,4,N
883,5,N
883,6,N
883,7,N
883,8,Y
883,9,N
883,10,N
884,1,N
884,2,Y
884,3,N
884,4,N
884,5,N
884,6,N
884,7,Y
884,8,N
884,9,N
884,10,N
885,1,Y
885,2,N
885,3,N
885,4,N
885,5,N
885,6,Y
885,7,N
885,8,N
885,9,N
885,10,N
886,1,N
886,2,N
886,3,N
886,4,N
886,5,Y
886,6,N
886,7,N
886,8,N
886,9,N
886,10,Y
887,1,N
887,2,N
887,3,N
887,4,Y
887,5,N
887,6,N
887,7,N
887,8,N
887,9,Y
887,10,N
888,1,N
888,2,N
888,3,Y
888,4,N
888,5,N
888,6,N
888,7,N
888,8,Y
888,9,N
888,10,N
889,1,N
889,2,Y
889,3,N
889,4,N
889,5,N
889,6,N
889,7,Y
889,8,N
889,9,N
889,10,N
890,1,Y
890,2,N
890,3,N
890,4,N
890,5,N
890,6,Y
890,7,N
890,8,N
890,9,N
890,10,N
891,1,N
891,2,N
891,3,N
891,4,N
891,5,Y
891,6,N
891,7,N
891,8,N
891,9,N
891,10,Y
892,1,N
892,2,N
892,3,N
892,4,Y
892,5,N
892,6,N
892,7,N
892,8,N
892,9,Y
892,10,N
893,1,N
893,2,N
893,3,Y
893,4,N
893,5,N
893,6,N
893,7,N
893,8,Y
893,9,N
893,10,N
894,1,N
894,2,Y
894,3,N
894,4,N
894,5,N
894,6,N
894,7,Y
894,8,N
894,9,N
894,10,N
895,1,Y
895,2,N
895,3,N
895,4,N
895,5,N
895,6,Y
895,7,N
895,8,N
895,9,N
895,10,N
896,1,N
896,2,N
896,3,N
896,4,N
896,5,Y
896,6,N
896,7,N
896,8,N
896,9,N
896,10,Y
897,1,N
897,2,N
897,3,N
897,4,Y
897,5,N
897,6,N
897,7,N
897,8,N
897,9,Y
897,10,N
898,1,N
898,2,N
898,3,Y
898,4,N
898,5,N
898,6,N
898,7,N
898,8,Y
898,9,N
898,10,N
899,1,N
899,2,Y
899,3,N
899,4,N
899,5,N
899,6,N
899,7,Y
899,8,N
899,9,N
899,10,N
900,1,Y
900,2,N
900,3,N
900,4,N
900,5,N
900,6,Y
900,7,N
900,8,N
900,9,N
900,10,N
901,1,N
901,2,N
901,3,N
901,4,N
901,5,Y
901,6,N
901,7,N
901,8,N
901,9,N
901,10,Y
902,1,N
902,2,N
902,3,N
902,4,Y
902,5,N
902,6,N
902,7,N
902,8,N
902,9,Y
902,10,N
903,1,N
903,2,N
903,3,Y
903,4,N
903,5,N
903,6,N
903,7,N
903,8,Y
903,9,N
903,10,N
904,1,N
904,2,Y
904,3,N
904,4,N
904,5,N
904,6,N
904,7,Y
904,8,N
904,9,N
904,10,N
905,1,Y
905,2,N
905,3,N
905,4,N
905,5,N
905,6,Y
905,7,N
905,8,N
905,9,N
905,10,N
906,1,N
906,2,N
906,3,N
906,4,N
906,5,Y
906,6,N
906,7,N
906,8,N
906,9,N
906,10,Y
907,1,N
907,2,N
907,3,N
907,4,Y
907,5,N
907,6,N
907,7,N
907,8,N
907,9,Y
907,10,N
908,1,N
908,2,N
908,3,Y
908,4,N
908,5,N
908,6,N
908,7,N
908,8,Y
908,9,N
908,10,N
909,1,N
909,2,Y
909,3,N
909,4,N
909,5,N
909,6,N
909,7,Y
909,8,N
909,9,N
909,10,N
910,1,Y
910,2,N
910,3,N
910,4,N
910,5,N
910,6,Y
910,7,N
910,8,N
910,9,N
910,10,N
911,1,N
911,2,N
911,3,N
911,4,N
911,5,Y
911,6,N
911,7,N
911,8,N
911,9,N
911,10,Y
912,1,N
912,2,N
912,3,N
912,4,Y
912,5,N
912,6,N
912,7,N
912,8,N
912,9,Y
912,10,N
913,1,N
913,2,N
913,3,Y
913,4,N
913,5,N
913,6,N
913,7,N
913,8,Y
913,9,N
913,10,N
914,1,N
914,2,Y
914,3,N
914,4,N
914,5,N
914,6,N
914,7,Y
914,8,N
914,9,N
914,10,N
915,1,Y
915,2,N
915,3,N
915,4,N
915,5,N
915,6,Y
915,7,N
915,8,N
915,9,N
915,10,N
916,1,N
916,2,N
916,3,N
916,4,N
916,5,Y
916,6,N
916,7,N
916,8,N
916,9,N
916,10,Y
917,1,N
917,2,N
917,3,N
917,4,Y
917,5,N
917,6,N
917,7,N
917,8,N
917,9,Y
917,10,N
918,1,N
918,2,N
918,3,Y
918,4,N
918,5,N
918,6,N
918,7,N
918,8,Y
918,9,N
918,10,N
919,1,N
919,2,Y
919,3,N
919,4,N
919,5,N
919,6,N
919,7,Y
919,8,N
919,9,N
919,10,N
920,1,Y
920,2,N
920,3,N
920,4,N
920,5,N
920,6,Y
920,7,N
920,8,N
920,9,N
920,10,N
921,1,N
921,2,N
921,3,N
921,4,N
921,5,Y
921,6,N
921,7,N
921,8,N
921,9,N
921,10,Y
922,1,N
922,2,N
922,3,N
922,4,Y
922,5,N
922,6,N
922,7,N
922,8,N
922,9,Y
922,10,N
923,1,N
923,2,N
923,3,Y
923,4,N
923,5,N
923,6,N
923,7,N
923,8,Y
923,9,N
923,10,N
924,1,N
924,2,Y
924,3,N
924,4,N
924,5,N
924,6,N
924,7,Y
924,8,N
924,9,N
924,10,N
925,1,Y
925,2,N
925,3,N
925,4,N
925,5,N
925,6,Y
925,7,N
925,8,N
925,9,N
925,10,N
926,1,N
926,2,N
926,3,N
926,4,N
926,5,Y
926,6,N
926,7,N
926,8,N
926,9,N
926,10,Y
927,1,N
927,2,N
927,3,N
927,4,Y
927,5,N
927,6,N
927,7,N
927,8,N
927,9,Y
927,10,N
928,1,N
928,2,N
928,3,Y
928,4,N
928,5,N
928,6,N
928,7,N
928,8,Y
928,9,N
928,10,N
929,1,N
929,2,Y
929,3,N
929,4,N
929,5,N
929,6,N
929,7,Y
929,8,N
929,9,N
929,10,N
930,1,Y
930,2,N
930,3,N
930,4,N
930,5,N
930,6,Y
930,7,N
930,8,N
930,9,N
930,10,N
931,1,N
931,2,N
931,3,N
931,4,N
931,5,Y
931,6,N
931,7,N
931,8,N
931,9,N
931,10,Y
932,1,N
932,2,N
932,3,N
932,4,Y
932,5,N
932,6,N
932,7,N
932,8,N
932,9,Y
932,10,N
933,1,N
933,2,N
933,3,Y
933,4,N
933,5,N
933,6,N
933,7,N
933,8,Y
933,9,N
933,10,N
934,1,N
934,2,Y
934,3,N
934,4,N
934,5,N
934,6,N
934,7,Y
934,8,N
934,9,N
934,10,N
935,1,Y
935,2,N
935,3,N
935,4,N
935,5,N
935,6,Y
935,7,N
935,8,N
935,9,N
935,10,N
936,1,N
936,2,N
936,3,N
936,4,N
936,5,Y
936,6,N
936,7,N
936,8,N
936,9,N
936,10,Y
937,1,N
937,2,N
937,3,N
937,4,Y
937,5,N
937,6,N
937,7,N
937,8,N
937,9,Y
937,10,N
938,1,N
938,2,N
938,3,Y
938,4,N
938,5,N
938,6,N
938,7,N
938,8,Y
938,9,N
938,10,N
939,1,N
939,2,Y
939,3,N
939,4,N
939,5,N
939,6,N
939,7,Y
939,8,N
939,9,N
939,10,N
940,1,Y
940,2,N
940,3,N
940,4,N
940,5,N
940,6,Y
940,7,N
940,8,N
940,9,N
940,10,N
941,1,N
941,2,N
941,3,N
941,4,N
941,5,Y
941,6,N
941,7,N
941,8,N
941,9,N
941,10,Y
942,1,N
942,2,N
942,3,N
942,4,Y
942,5,N
942,6,N
942,7,N
942,8,N
942,9,Y
942,10,N
943,1,N
943,2,N
943,3,Y
943,4,N
943,5,N
943,6,N
943,7,N
943,8,Y
943,9,N
943,10,N
944,1,N
944,2,Y
944,3,N
944,4,N
944,5,N
944,6,N
944,7,Y
944,8,N
944,9,N
944,10,N
945,1,Y
945,2,N
945,3,N
945,4,N
945,5,N
945,6,Y
945,7,N
945,8,N
945,9,N
945,10,N
946,1,N
946,2,N
946,3,N
946,4,N
946,5,Y
946,6,N
946,7,N
946,8,N
946,9,N
946,10,Y
947,1,N
947,2,N
947,3,N
947,4,Y
947,5,N
947,6,N
947,7,N
947,8,N
947,9,Y
947,10,N
948,1,N
948,2,N
948,3,Y
948,4,N
948,5,N
948,6,N
948,7,N
948,8,Y
948,9,N
948,10,N
949,1,N
949,2,Y
949,3,N
949,4,N
949,5,N
949,6,N
949,7,Y
949,8,N
949,9,N
949,10,N
950,1,Y
950,2,N
950,3,N
950,4,N
950,5,N
950,6,Y
950,7,N
950,8,N
950,9,N
950,10,N
951,1,N
951,2,N
951,3,N
951,4,N
951,5,Y
951,6,N
951,7,N
951,8,N
951,9,N
951,10,Y
952,1,N
952,2,N
952,3,N
952,4,Y
952,5,N
952,6,N
952,7,N
952,8,N
952,9,Y
952,10,N
953,1,N
953,2,N
953,3,Y
953,4,N
953,5,N
953,6,N
953,7,N
953,8,Y
953,9,N
953,10,N
954,1,N
954,2,Y
954,3,N
954,4,N
954,5,N
954,6,N
954,7,Y
954,8,N
954,9,N
954,10,N
955,1,Y
955,2,N
955,3,N
955,4,N
955,5,N
955,6,Y
955,7,N
955,8,N
955,9,N
955,10,N
956,1,N
956,2,N
956,3,N
956,4,N
956,5,Y
956,6,N
956,7,N
956,8,N
956,9,N
956,10,Y
957,1,N
957,2,N
957,3,N
957,4,Y
957,5,N
957,6,N
957,7,N
957,8,N
957,9,Y
957,10,N
958,1,N
958,2,N
958,3,Y
958,4,N
958,5,N
958,6,N
958,7,N
958,8,Y
958,9,N
958,10,N
959,1,N
959,2,Y
959,3,N
959,4,N
959,5,N
959,6,N
959,7,Y
959,8,N
959,9,N
959,10,N
960,1,Y
960,2,N
960,3,N
960,4,N
960,5,N
960,6,Y
960,7,N
960,8,N
960,9,N
960,10,N
961,1,N
961,2,N
961,3,N
961,4,N
961,5,Y
961,6,N
961,7,N
961,8,N
961,9,N
961,10,Y
962,1,N
962,2,N
962,3,N
962,4,Y
962,5,N
962,6,N
962,7,N
962,8,N
962,9,Y
962,10,N
963,1,N
963,2,N
963,3,Y
963,4,N
963,5,N
963,6,N
963,7,N
963,8,Y
963,9,N
963,10,N
964,1,N
964,2,Y
964,3,N
964,4,N
964,5,N
964,6,N
964,7,Y
964,8,N
964,9,N
964,10,N
965,1,Y
965,2,N
965,3,N
965,4,N
965,5,N
965,6,Y
965,7,N
965,8,N
965,9,N
965,10,N
966,1,N
966,2,N
966,3,N
966,4,N
966,5,Y
966,6,N
966,7,N
966,8,N
966,9,N
966,10,Y
967,1,N
967,2,N
967,3,N
967,4,Y
967,5,N
967,6,N
967,7,N
967,8,N
967,9,Y
967,10,N
968,1,N
968,2,N
968,3,Y
968,4,N
968,5,N
968,6,N
968,7,N
968,8,Y
968,9,N
968,10,N
969,1,N
969,2,Y
969,3,N
969,4,N
969,5,N
969,6,N
969,7,Y
969,8,N
969,9,N
969,10,N
970,1,Y
970,2,N
970,3,N
970,4,N
970,5,N
970,6,Y
970,7,N
970,8,N
970,9,N
970,10,N
971,1,N
971,2,N
971,3,N
971,4,N
971,5,Y
971,6,N
971,7,N
971,8,N
971,9,N
971,10,Y
972,1,N
972,2,N
972,3,N
972,4,Y
972,5,N
972,6,N
972,7,N
972,8,N
972,9,Y
972,10,N
973,1,N
973,2,N
973,3,Y
973,4,N
973,5,N
973,6,N
973,7,N
973,8,Y
973,9,N
973,10,N
974,1,N
974,2,Y
974,3,N
974,4,N
974,5,N
974,6,N
974,7,Y
974,8,N
974,9,N
974,10,N
975,1,Y
975,2,N
975,3,N
975,4,N
975,5,N
975,6,Y
975,7,N
975,8,N
975,9,N
975,10,N
976,1,N
976,2,N
976,3,N
976,4,N
976,5,Y
976,6,N
976,7,N
976,8,N
976,9,N
976,10,Y
977,1,N
977,2,N
977,3,N
977,4,Y
977,5,N
977,6,N
977,7,N
977,8,N
977,9,Y
977,10,N
978,1,N
978,2,N
978,3,Y
978,4,N
978,5,N
978,6,N
978,7,N
978,8,Y
978,9,N
978,10,N
979,1,N
979,2,Y
979,3,N
979,4,N
979,5,N
979,6,N
979,7,Y
979,8,N
979,9,N
979,10,N
980,1,Y
980,2,N
980,3,N
980,4,N
980,5,N
980,6,Y
980,7,N
980,8,N
980,9,N
980,10,N
981,1,N
981,2,N
981,3,N
981,4,N
981,5,Y
981,6,N
981,7,N
981,8,N
981,9,N
981,10,Y
982,1,N
982,2,N
982,3,N
982,4,Y
982,5,N
982,6,N
982,7,N
982,8,N
982,9,Y
982,10,N
983,1,N
983,2,N
983,3,Y
983,4,N
983,5,N
983,6,N
983,7,N
983,8,Y
983,9,N
983,10,N
984,1,N
984,2,Y
984,3,N
984,4,N
984,5,N
984,6,N
984,7,Y
984,8,N
984,9,N
984,10,N
985,1,Y
985,2,N
985,3,N
985,4,N
985,5,N
985,6,Y
985,7,N
985,8,N
985,9,N
985,10,N
986,1,N
986,2,N
986,3,N
986,4,N
986,5,Y
986,6,N
986,7,N
986,8,N
986,9,N
986,10,Y
987,1,N
987,2,N
987,3,N
987,4,Y
987,5,N
987,6,N
987,7,N
987,8,N
987,9,Y
987,10,N
988,1,N
988,2,N
988,3,Y
988,4,N
988,5,N
988,6,N
988,7,N
988,8,Y
988,9,N
988,10,N
989,1,N
989,2,Y
989,3,N
989,4,N
989,5,N
989,6,N
989,7,Y
989,8,N
989,9,N
989,10,N
990,1,Y
990,2,N
990,3,N
990,4,N
990,5,N
990,6,Y
990,7,N
990,8,N
990,9,N
990,10,N
991,1,N
991,2,N
991,3,N
991,4,N
991,5,Y
991,6,N
991,7,N
991,8,N
991,9,N
991,10,Y
992,1,N
992,2,N
992,3,N
992,4,Y
992,5,N
992,6,N
992,7,N
992,8,N
992,9,Y
992,10,N
993,1,N
993,2,N
993,3,Y
993,4,N
993,5,N
993,6,N
993,7,N
993,8,Y
993,9,N
993,10,N
994,1,N
994,2,Y
994,3,N
994,4,N
994,5,N
994,6,N
994,7,Y
994,8,N
994,9,N
994,10,N
995,1,Y
995,2,N
995,3,N
995,4,N
995,5,N
995,6,Y
995,7,N
995,8,N
995,9,N
995,10,N
996,1,N
996,2,N
996,3,N
996,4,N
996,5,Y
996,6,N
996,7,N
996,8,N
996,9,N
996,10,Y
997,1,N
997,2,N
997,3,N
997,4,Y
997,5,N
997,6,N
997,7,N
997,8,N
997,9,Y
997,10,N
998,1,N
998,2,N
998,3,Y
998,4,N
998,5,N
998,6,N
998,7,N
998,8,Y
998,9,N
998,10,N
999,1,N
999,2,Y
999,3,N
999,4,N
999,5,N
999,6,N
999,7,Y
999,8,N
999,9,N
999,10,N
1000,1,Y
1000,2,N
1000,3,N
1000,4,N
1000,5,N
1000,6,Y
1000,7,N
1000,8,N
1000,9,N
1000,10,N
