ISBN,CopyNo,MemberID,DateOut,DateDue
1,5,1534,12/25/2007 23:18,1/8/2008 23:18
1,10,3055,12/30/2007 23:18,1/13/2008 23:18
2,4,1235,12/28/2007 23:18,1/11/2008 23:18
2,9,2756,12/22/2007 23:18,1/5/2008 23:18
3,3,936,12/29/2007 23:18,1/12/2008 23:18
3,8,2457,12/28/2007 23:18,1/11/2008 23:18
4,2,637,12/28/2007 23:18,1/11/2008 23:18
4,7,2158,1/1/2008 23:18,1/15/2008 23:18
5,1,338,12/25/2007 23:18,1/8/2008 23:18
5,6,1859,1/3/2008 23:18,1/17/2008 23:18
6,5,1560,1/3/2008 23:18,1/17/2008 23:18
6,10,3094,1/1/2008 23:18,1/15/2008 23:18
7,4,1261,1/1/2008 23:18,1/15/2008 23:18
7,9,2795,1/4/2008 23:18,1/18/2008 23:18
8,3,962,12/28/2007 23:18,1/11/2008 23:18
8,8,2496,12/20/2007 23:18,1/3/2008 23:18
9,2,663,12/22/2007 23:18,1/5/2008 23:18
9,7,2197,1/4/2008 23:18,1/18/2008 23:18
10,1,364,12/30/2007 23:18,1/13/2008 23:18
10,6,1898,1/1/2008 23:18,1/15/2008 23:18
11,5,1599,12/27/2007 23:18,1/10/2008 23:18
11,10,3120,1/3/2008 23:18,1/17/2008 23:18
12,4,1300,12/20/2007 23:18,1/3/2008 23:18
12,9,2821,1/1/2008 23:18,1/15/2008 23:18
13,3,1001,12/27/2007 23:18,1/10/2008 23:18
13,8,2522,12/28/2007 23:18,1/11/2008 23:18
14,2,702,1/1/2008 23:18,1/15/2008 23:18
14,7,2223,12/22/2007 23:18,1/5/2008 23:18
15,1,403,1/4/2008 23:18,1/18/2008 23:18
15,6,1924,12/30/2007 23:18,1/13/2008 23:18
16,5,1625,12/20/2007 23:18,1/3/2008 23:18
16,10,3159,12/20/2007 23:18,1/3/2008 23:18
17,4,1326,12/24/2007 23:18,1/7/2008 23:18
17,9,2860,12/29/2007 23:18,1/12/2008 23:18
18,3,1027,12/26/2007 23:18,1/9/2008 23:18
18,8,2561,12/20/2007 23:18,1/3/2008 23:18
19,2,728,12/26/2007 23:18,1/9/2008 23:18
19,7,2262,12/25/2007 23:18,1/8/2008 23:18
20,1,429,12/24/2007 23:18,1/7/2008 23:18
20,6,1963,12/28/2007 23:18,1/11/2008 23:18
21,5,1664,12/29/2007 23:18,1/12/2008 23:18
21,10,3185,12/22/2007 23:18,1/5/2008 23:18
22,4,1365,12/28/2007 23:18,1/11/2008 23:18
22,9,2886,12/26/2007 23:18,1/9/2008 23:18
23,3,1066,12/25/2007 23:18,1/8/2008 23:18
23,8,2587,12/28/2007 23:18,1/11/2008 23:18
24,2,767,12/20/2007 23:18,1/3/2008 23:18
24,7,2288,12/28/2007 23:18,1/11/2008 23:18
25,1,468,12/29/2007 23:18,1/12/2008 23:18
25,6,1989,12/26/2007 23:18,1/9/2008 23:18
26,5,1690,12/22/2007 23:18,1/5/2008 23:18
26,10,3224,12/24/2007 23:18,1/7/2008 23:18
27,4,1391,1/1/2008 23:18,1/15/2008 23:18
27,9,2925,12/23/2007 23:18,1/6/2008 23:18
28,3,1092,12/24/2007 23:18,1/7/2008 23:18
28,8,2626,12/20/2007 23:18,1/3/2008 23:18
29,2,793,12/30/2007 23:18,1/13/2008 23:18
29,7,2327,12/31/2007 23:18,1/14/2008 23:18
30,1,494,1/3/2008 23:18,1/17/2008 23:18
30,6,2028,12/24/2007 23:18,1/7/2008 23:18
31,5,1729,12/31/2007 23:18,1/14/2008 23:18
31,10,3250,12/26/2007 23:18,1/9/2008 23:18
32,4,1430,12/20/2007 23:18,1/3/2008 23:18
32,9,2951,12/20/2007 23:18,1/3/2008 23:18
33,3,1131,12/23/2007 23:18,1/6/2008 23:18
33,8,2652,12/28/2007 23:18,1/11/2008 23:18
34,2,832,12/24/2007 23:18,1/7/2008 23:18
34,7,2353,1/3/2008 23:18,1/17/2008 23:18
35,1,533,12/23/2007 23:18,1/6/2008 23:18
35,6,2054,12/22/2007 23:18,1/5/2008 23:18
36,5,1755,12/24/2007 23:18,1/7/2008 23:18
36,10,3289,12/28/2007 23:18,1/11/2008 23:18
37,4,1456,12/24/2007 23:18,1/7/2008 23:18
37,9,2990,1/2/2008 23:18,1/16/2008 23:18
38,3,1157,12/22/2007 23:18,1/5/2008 23:18
38,8,2691,12/20/2007 23:18,1/3/2008 23:18
39,2,858,1/3/2008 23:18,1/17/2008 23:18
39,7,2392,12/21/2007 23:18,1/4/2008 23:18
40,1,559,12/28/2007 23:18,1/11/2008 23:18
40,6,2093,12/20/2007 23:18,1/3/2008 23:18
41,5,1794,1/2/2008 23:18,1/16/2008 23:18
41,10,3315,12/30/2007 23:18,1/13/2008 23:18
42,4,1495,12/28/2007 23:18,1/11/2008 23:18
42,9,3016,12/30/2007 23:18,1/13/2008 23:18
43,3,1196,12/21/2007 23:18,1/4/2008 23:18
43,8,2717,12/28/2007 23:18,1/11/2008 23:18
44,2,897,12/28/2007 23:18,1/11/2008 23:18
44,7,2418,12/24/2007 23:18,1/7/2008 23:18
45,1,598,1/2/2008 23:18,1/16/2008 23:18
45,6,2119,1/3/2008 23:18,1/17/2008 23:18
46,5,1820,12/26/2007 23:18,1/9/2008 23:18
46,10,3354,1/1/2008 23:18,1/15/2008 23:18
47,4,1521,1/1/2008 23:18,1/15/2008 23:18
47,9,3055,12/27/2007 23:18,1/10/2008 23:18
48,3,1222,12/20/2007 23:18,1/3/2008 23:18
48,8,2756,12/20/2007 23:18,1/3/2008 23:18
49,2,923,12/22/2007 23:18,1/5/2008 23:18
49,7,2457,12/27/2007 23:18,1/10/2008 23:18
50,1,624,12/22/2007 23:18,1/5/2008 23:18
50,6,2158,1/1/2008 23:18,1/15/2008 23:18
51,5,1859,1/4/2008 23:18,1/18/2008 23:18
51,10,3380,1/3/2008 23:18,1/17/2008 23:18
52,4,1560,12/20/2007 23:18,1/3/2008 23:18
52,9,3081,12/24/2007 23:18,1/7/2008 23:18
53,3,1261,1/4/2008 23:18,1/18/2008 23:18
53,8,2782,12/28/2007 23:18,1/11/2008 23:18
54,2,962,1/1/2008 23:18,1/15/2008 23:18
54,7,2483,12/30/2007 23:18,1/13/2008 23:18
55,1,663,12/27/2007 23:18,1/10/2008 23:18
55,6,2184,12/30/2007 23:18,1/13/2008 23:18
56,5,1885,12/28/2007 23:18,1/11/2008 23:18
56,10,3419,12/20/2007 23:18,1/3/2008 23:18
57,4,1586,12/24/2007 23:18,1/7/2008 23:18
57,9,3120,12/21/2007 23:18,1/4/2008 23:18
58,3,1287,1/3/2008 23:18,1/17/2008 23:18
58,8,2821,12/20/2007 23:18,1/3/2008 23:18
59,2,988,12/26/2007 23:18,1/9/2008 23:18
59,7,2522,1/2/2008 23:18,1/16/2008 23:18
60,1,689,1/1/2008 23:18,1/15/2008 23:18
60,6,2223,12/28/2007 23:18,1/11/2008 23:18
61,5,1924,12/21/2007 23:18,1/4/2008 23:18
61,10,3445,12/22/2007 23:18,1/5/2008 23:18
62,4,1625,12/28/2007 23:18,1/11/2008 23:18
62,9,3146,1/3/2008 23:18,1/17/2008 23:18
63,3,1326,1/2/2008 23:18,1/16/2008 23:18
63,8,2847,12/28/2007 23:18,1/11/2008 23:18
64,2,1027,12/20/2007 23:18,1/3/2008 23:18
64,7,2548,12/20/2007 23:18,1/3/2008 23:18
65,1,728,12/21/2007 23:18,1/4/2008 23:18
65,6,2249,12/26/2007 23:18,1/9/2008 23:18
66,5,1950,12/30/2007 23:18,1/13/2008 23:18
66,10,3484,12/24/2007 23:18,1/7/2008 23:18
67,4,1651,1/1/2008 23:18,1/15/2008 23:18
67,9,3185,12/31/2007 23:18,1/14/2008 23:18
68,3,1352,1/1/2008 23:18,1/15/2008 23:18
68,8,2886,12/20/2007 23:18,1/3/2008 23:18
69,2,1053,12/30/2007 23:18,1/13/2008 23:18
69,7,2587,12/23/2007 23:18,1/6/2008 23:18
70,1,754,12/26/2007 23:18,1/9/2008 23:18
70,6,2288,12/24/2007 23:18,1/7/2008 23:18
71,5,1989,12/23/2007 23:18,1/6/2008 23:18
71,10,3510,12/26/2007 23:18,1/9/2008 23:18
72,4,1690,12/20/2007 23:18,1/3/2008 23:18
72,9,3211,12/28/2007 23:18,1/11/2008 23:18
73,3,1391,12/31/2007 23:18,1/14/2008 23:18
73,8,2912,12/28/2007 23:18,1/11/2008 23:18
74,2,1092,12/24/2007 23:18,1/7/2008 23:18
74,7,2613,12/26/2007 23:18,1/9/2008 23:18
75,1,793,12/31/2007 23:18,1/14/2008 23:18
75,6,2314,12/22/2007 23:18,1/5/2008 23:18
76,5,2015,1/1/2008 23:18,1/15/2008 23:18
76,10,3549,12/28/2007 23:18,1/11/2008 23:18
77,4,1716,12/24/2007 23:18,1/7/2008 23:18
77,9,3250,12/25/2007 23:18,1/8/2008 23:18
78,3,1417,12/30/2007 23:18,1/13/2008 23:18
78,8,2951,12/20/2007 23:18,1/3/2008 23:18
79,2,1118,1/3/2008 23:18,1/17/2008 23:18
79,7,2652,12/29/2007 23:18,1/12/2008 23:18
80,1,819,12/20/2007 23:18,1/3/2008 23:18
80,6,2353,12/20/2007 23:18,1/3/2008 23:18
81,5,2054,12/25/2007 23:18,1/8/2008 23:18
81,10,3575,12/30/2007 23:18,1/13/2008 23:18
82,4,1755,12/28/2007 23:18,1/11/2008 23:18
82,9,3276,12/22/2007 23:18,1/5/2008 23:18
83,3,1456,12/29/2007 23:18,1/12/2008 23:18
83,8,2977,12/28/2007 23:18,1/11/2008 23:18
84,2,1157,12/28/2007 23:18,1/11/2008 23:18
84,7,2678,1/1/2008 23:18,1/15/2008 23:18
85,1,858,12/25/2007 23:18,1/8/2008 23:18
85,6,2379,1/3/2008 23:18,1/17/2008 23:18
86,5,2080,1/3/2008 23:18,1/17/2008 23:18
86,10,3614,1/1/2008 23:18,1/15/2008 23:18
87,4,1781,1/1/2008 23:18,1/15/2008 23:18
87,9,3315,1/4/2008 23:18,1/18/2008 23:18
88,3,1482,12/28/2007 23:18,1/11/2008 23:18
88,8,3016,12/20/2007 23:18,1/3/2008 23:18
89,2,1183,12/22/2007 23:18,1/5/2008 23:18
89,7,2717,1/4/2008 23:18,1/18/2008 23:18
90,1,884,12/30/2007 23:18,1/13/2008 23:18
90,6,2418,1/1/2008 23:18,1/15/2008 23:18
91,5,2119,12/27/2007 23:18,1/10/2008 23:18
91,10,3640,1/3/2008 23:18,1/17/2008 23:18
92,4,1820,12/20/2007 23:18,1/3/2008 23:18
92,9,3341,1/1/2008 23:18,1/15/2008 23:18
93,3,1521,12/27/2007 23:18,1/10/2008 23:18
93,8,3042,12/28/2007 23:18,1/11/2008 23:18
94,2,1222,1/1/2008 23:18,1/15/2008 23:18
94,7,2743,12/22/2007 23:18,1/5/2008 23:18
95,1,923,1/4/2008 23:18,1/18/2008 23:18
95,6,2444,12/30/2007 23:18,1/13/2008 23:18
96,5,2145,12/20/2007 23:18,1/3/2008 23:18
96,10,3679,12/20/2007 23:18,1/3/2008 23:18
97,4,1846,12/24/2007 23:18,1/7/2008 23:18
97,9,3380,12/29/2007 23:18,1/12/2008 23:18
98,3,1547,12/26/2007 23:18,1/9/2008 23:18
98,8,3081,12/20/2007 23:18,1/3/2008 23:18
99,2,1248,12/26/2007 23:18,1/9/2008 23:18
99,7,2782,12/25/2007 23:18,1/8/2008 23:18
100,1,949,12/24/2007 23:18,1/7/2008 23:18
100,6,2483,12/28/2007 23:18,1/11/2008 23:18
101,5,2184,12/29/2007 23:18,1/12/2008 23:18
101,10,3705,12/22/2007 23:18,1/5/2008 23:18
102,4,1885,12/28/2007 23:18,1/11/2008 23:18
102,9,3406,12/26/2007 23:18,1/9/2008 23:18
103,3,1586,12/25/2007 23:18,1/8/2008 23:18
103,8,3107,12/28/2007 23:18,1/11/2008 23:18
104,2,1287,12/20/2007 23:18,1/3/2008 23:18
104,7,2808,12/28/2007 23:18,1/11/2008 23:18
105,1,988,12/29/2007 23:18,1/12/2008 23:18
105,6,2509,12/26/2007 23:18,1/9/2008 23:18
106,5,2210,12/22/2007 23:18,1/5/2008 23:18
106,10,3744,12/24/2007 23:18,1/7/2008 23:18
107,4,1911,1/1/2008 23:18,1/15/2008 23:18
107,9,3445,12/23/2007 23:18,1/6/2008 23:18
108,3,1612,12/24/2007 23:18,1/7/2008 23:18
108,8,3146,12/20/2007 23:18,1/3/2008 23:18
109,2,1313,12/30/2007 23:18,1/13/2008 23:18
109,7,2847,12/31/2007 23:18,1/14/2008 23:18
110,1,1014,1/3/2008 23:18,1/17/2008 23:18
110,6,2548,12/24/2007 23:18,1/7/2008 23:18
111,5,2249,12/31/2007 23:18,1/14/2008 23:18
111,10,3770,12/26/2007 23:18,1/9/2008 23:18
112,4,1950,12/20/2007 23:18,1/3/2008 23:18
112,9,3471,12/20/2007 23:18,1/3/2008 23:18
113,3,1651,12/23/2007 23:18,1/6/2008 23:18
113,8,3172,12/28/2007 23:18,1/11/2008 23:18
114,2,1352,12/24/2007 23:18,1/7/2008 23:18
114,7,2873,1/3/2008 23:18,1/17/2008 23:18
115,1,1053,12/23/2007 23:18,1/6/2008 23:18
115,6,2574,12/22/2007 23:18,1/5/2008 23:18
116,5,2275,12/24/2007 23:18,1/7/2008 23:18
116,10,3809,12/28/2007 23:18,1/11/2008 23:18
117,4,1976,12/24/2007 23:18,1/7/2008 23:18
117,9,3510,1/2/2008 23:18,1/16/2008 23:18
118,3,1677,12/22/2007 23:18,1/5/2008 23:18
118,8,3211,12/20/2007 23:18,1/3/2008 23:18
119,2,1378,1/3/2008 23:18,1/17/2008 23:18
119,7,2912,12/21/2007 23:18,1/4/2008 23:18
120,1,1079,12/28/2007 23:18,1/11/2008 23:18
120,6,2613,12/20/2007 23:18,1/3/2008 23:18
121,5,2314,1/2/2008 23:18,1/16/2008 23:18
121,10,3835,12/30/2007 23:18,1/13/2008 23:18
122,4,2015,12/28/2007 23:18,1/11/2008 23:18
122,9,3536,12/30/2007 23:18,1/13/2008 23:18
123,3,1716,12/21/2007 23:18,1/4/2008 23:18
123,8,3237,12/28/2007 23:18,1/11/2008 23:18
124,2,1417,12/28/2007 23:18,1/11/2008 23:18
124,7,2938,12/24/2007 23:18,1/7/2008 23:18
125,1,1118,1/2/2008 23:18,1/16/2008 23:18
125,6,2639,1/3/2008 23:18,1/17/2008 23:18
126,5,2340,12/26/2007 23:18,1/9/2008 23:18
126,10,3874,1/1/2008 23:18,1/15/2008 23:18
127,4,2041,1/1/2008 23:18,1/15/2008 23:18
127,9,3575,12/27/2007 23:18,1/10/2008 23:18
128,3,1742,12/20/2007 23:18,1/3/2008 23:18
128,8,3276,12/20/2007 23:18,1/3/2008 23:18
129,2,1443,12/22/2007 23:18,1/5/2008 23:18
129,7,2977,12/27/2007 23:18,1/10/2008 23:18
130,1,1144,12/22/2007 23:18,1/5/2008 23:18
130,6,2678,1/1/2008 23:18,1/15/2008 23:18
131,5,2379,1/4/2008 23:18,1/18/2008 23:18
131,10,3900,1/3/2008 23:18,1/17/2008 23:18
132,4,2080,12/20/2007 23:18,1/3/2008 23:18
132,9,3601,12/24/2007 23:18,1/7/2008 23:18
133,3,1781,1/4/2008 23:18,1/18/2008 23:18
133,8,3302,12/28/2007 23:18,1/11/2008 23:18
134,2,1482,1/1/2008 23:18,1/15/2008 23:18
134,7,3003,12/30/2007 23:18,1/13/2008 23:18
135,1,1183,12/27/2007 23:18,1/10/2008 23:18
135,6,2704,12/30/2007 23:18,1/13/2008 23:18
136,5,2405,12/28/2007 23:18,1/11/2008 23:18
136,10,3939,12/20/2007 23:18,1/3/2008 23:18
137,4,2106,12/24/2007 23:18,1/7/2008 23:18
137,9,3640,12/21/2007 23:18,1/4/2008 23:18
138,3,1807,1/3/2008 23:18,1/17/2008 23:18
138,8,3341,12/20/2007 23:18,1/3/2008 23:18
139,2,1508,12/26/2007 23:18,1/9/2008 23:18
139,7,3042,1/2/2008 23:18,1/16/2008 23:18
140,1,1209,1/1/2008 23:18,1/15/2008 23:18
140,6,2743,12/28/2007 23:18,1/11/2008 23:18
141,5,2444,12/21/2007 23:18,1/4/2008 23:18
141,10,3965,12/22/2007 23:18,1/5/2008 23:18
142,4,2145,12/28/2007 23:18,1/11/2008 23:18
142,9,3666,1/3/2008 23:18,1/17/2008 23:18
143,3,1846,1/2/2008 23:18,1/16/2008 23:18
143,8,3367,12/28/2007 23:18,1/11/2008 23:18
144,2,1547,12/20/2007 23:18,1/3/2008 23:18
144,7,3068,12/20/2007 23:18,1/3/2008 23:18
145,1,1248,12/21/2007 23:18,1/4/2008 23:18
145,6,2769,12/26/2007 23:18,1/9/2008 23:18
146,5,2470,12/30/2007 23:18,1/13/2008 23:18
146,10,4004,12/24/2007 23:18,1/7/2008 23:18
147,4,2171,1/1/2008 23:18,1/15/2008 23:18
147,9,3705,12/31/2007 23:18,1/14/2008 23:18
148,3,1872,1/1/2008 23:18,1/15/2008 23:18
148,8,3406,12/20/2007 23:18,1/3/2008 23:18
149,2,1573,12/30/2007 23:18,1/13/2008 23:18
149,7,3107,12/23/2007 23:18,1/6/2008 23:18
150,1,1274,12/26/2007 23:18,1/9/2008 23:18
150,6,2808,12/24/2007 23:18,1/7/2008 23:18
151,5,2509,12/23/2007 23:18,1/6/2008 23:18
151,10,4030,12/26/2007 23:18,1/9/2008 23:18
152,4,2210,12/20/2007 23:18,1/3/2008 23:18
152,9,3731,12/28/2007 23:18,1/11/2008 23:18
153,3,1911,12/31/2007 23:18,1/14/2008 23:18
153,8,3432,12/28/2007 23:18,1/11/2008 23:18
154,2,1612,12/24/2007 23:18,1/7/2008 23:18
154,7,3133,12/26/2007 23:18,1/9/2008 23:18
155,1,1313,12/31/2007 23:18,1/14/2008 23:18
155,6,2834,12/22/2007 23:18,1/5/2008 23:18
156,5,2535,1/1/2008 23:18,1/15/2008 23:18
156,10,4069,12/28/2007 23:18,1/11/2008 23:18
157,4,2236,12/24/2007 23:18,1/7/2008 23:18
157,9,3770,12/25/2007 23:18,1/8/2008 23:18
158,3,1937,12/30/2007 23:18,1/13/2008 23:18
158,8,3471,12/20/2007 23:18,1/3/2008 23:18
159,2,1638,1/3/2008 23:18,1/17/2008 23:18
159,7,3172,12/29/2007 23:18,1/12/2008 23:18
160,1,1339,12/20/2007 23:18,1/3/2008 23:18
160,6,2873,12/20/2007 23:18,1/3/2008 23:18
161,5,2574,12/25/2007 23:18,1/8/2008 23:18
161,10,4095,12/30/2007 23:18,1/13/2008 23:18
162,4,2275,12/28/2007 23:18,1/11/2008 23:18
162,9,3796,12/22/2007 23:18,1/5/2008 23:18
163,3,1976,12/29/2007 23:18,1/12/2008 23:18
163,8,3497,12/28/2007 23:18,1/11/2008 23:18
164,2,1677,12/28/2007 23:18,1/11/2008 23:18
164,7,3198,1/1/2008 23:18,1/15/2008 23:18
165,1,1378,12/25/2007 23:18,1/8/2008 23:18
165,6,2899,1/3/2008 23:18,1/17/2008 23:18
166,5,2600,1/3/2008 23:18,1/17/2008 23:18
166,10,4134,1/1/2008 23:18,1/15/2008 23:18
167,4,2301,1/1/2008 23:18,1/15/2008 23:18
167,9,3835,1/4/2008 23:18,1/18/2008 23:18
168,3,2002,12/28/2007 23:18,1/11/2008 23:18
168,8,3536,12/20/2007 23:18,1/3/2008 23:18
169,2,1703,12/22/2007 23:18,1/5/2008 23:18
169,7,3237,1/4/2008 23:18,1/18/2008 23:18
170,1,1404,12/30/2007 23:18,1/13/2008 23:18
170,6,2938,1/1/2008 23:18,1/15/2008 23:18
171,5,2639,12/27/2007 23:18,1/10/2008 23:18
171,10,4160,1/3/2008 23:18,1/17/2008 23:18
172,4,2340,12/20/2007 23:18,1/3/2008 23:18
172,9,3861,1/1/2008 23:18,1/15/2008 23:18
173,3,2041,12/27/2007 23:18,1/10/2008 23:18
173,8,3562,12/28/2007 23:18,1/11/2008 23:18
174,2,1742,1/1/2008 23:18,1/15/2008 23:18
174,7,3263,12/22/2007 23:18,1/5/2008 23:18
175,1,1443,1/4/2008 23:18,1/18/2008 23:18
175,6,2964,12/30/2007 23:18,1/13/2008 23:18
176,5,2665,12/20/2007 23:18,1/3/2008 23:18
176,10,4199,12/20/2007 23:18,1/3/2008 23:18
177,4,2366,12/24/2007 23:18,1/7/2008 23:18
177,9,3900,12/29/2007 23:18,1/12/2008 23:18
178,3,2067,12/26/2007 23:18,1/9/2008 23:18
178,8,3601,12/20/2007 23:18,1/3/2008 23:18
179,2,1768,12/26/2007 23:18,1/9/2008 23:18
179,7,3302,12/25/2007 23:18,1/8/2008 23:18
180,1,1469,12/24/2007 23:18,1/7/2008 23:18
180,6,3003,12/28/2007 23:18,1/11/2008 23:18
181,5,2704,12/29/2007 23:18,1/12/2008 23:18
181,10,4225,12/22/2007 23:18,1/5/2008 23:18
182,4,2405,12/28/2007 23:18,1/11/2008 23:18
182,9,3926,12/26/2007 23:18,1/9/2008 23:18
183,3,2106,12/25/2007 23:18,1/8/2008 23:18
183,8,3627,12/28/2007 23:18,1/11/2008 23:18
184,2,1807,12/20/2007 23:18,1/3/2008 23:18
184,7,3328,12/28/2007 23:18,1/11/2008 23:18
185,1,1508,12/29/2007 23:18,1/12/2008 23:18
185,6,3029,12/26/2007 23:18,1/9/2008 23:18
186,5,2730,12/22/2007 23:18,1/5/2008 23:18
186,10,4264,12/24/2007 23:18,1/7/2008 23:18
187,4,2431,1/1/2008 23:18,1/15/2008 23:18
187,9,3965,12/23/2007 23:18,1/6/2008 23:18
188,3,2132,12/24/2007 23:18,1/7/2008 23:18
188,8,3666,12/20/2007 23:18,1/3/2008 23:18
189,2,1833,12/30/2007 23:18,1/13/2008 23:18
189,7,3367,12/31/2007 23:18,1/14/2008 23:18
190,1,1534,1/3/2008 23:18,1/17/2008 23:18
190,6,3068,12/24/2007 23:18,1/7/2008 23:18
191,5,2769,12/31/2007 23:18,1/14/2008 23:18
191,10,4290,12/26/2007 23:18,1/9/2008 23:18
192,4,2470,12/20/2007 23:18,1/3/2008 23:18
192,9,3991,12/20/2007 23:18,1/3/2008 23:18
193,3,2171,12/23/2007 23:18,1/6/2008 23:18
193,8,3692,12/28/2007 23:18,1/11/2008 23:18
194,2,1872,12/24/2007 23:18,1/7/2008 23:18
194,7,3393,1/3/2008 23:18,1/17/2008 23:18
195,1,1573,12/23/2007 23:18,1/6/2008 23:18
195,6,3094,12/22/2007 23:18,1/5/2008 23:18
196,5,2795,12/24/2007 23:18,1/7/2008 23:18
196,10,4329,12/28/2007 23:18,1/11/2008 23:18
197,4,2496,12/24/2007 23:18,1/7/2008 23:18
197,9,4030,1/2/2008 23:18,1/16/2008 23:18
198,3,2197,12/22/2007 23:18,1/5/2008 23:18
198,8,3731,12/20/2007 23:18,1/3/2008 23:18
199,2,1898,1/3/2008 23:18,1/17/2008 23:18
199,7,3432,12/21/2007 23:18,1/4/2008 23:18
200,1,1599,12/28/2007 23:18,1/11/2008 23:18
200,6,3133,12/20/2007 23:18,1/3/2008 23:18
201,5,2834,1/2/2008 23:18,1/16/2008 23:18
201,10,4355,12/30/2007 23:18,1/13/2008 23:18
202,4,2535,12/28/2007 23:18,1/11/2008 23:18
202,9,4056,12/30/2007 23:18,1/13/2008 23:18
203,3,2236,12/21/2007 23:18,1/4/2008 23:18
203,8,3757,12/28/2007 23:18,1/11/2008 23:18
204,2,1937,12/28/2007 23:18,1/11/2008 23:18
204,7,3458,12/24/2007 23:18,1/7/2008 23:18
205,1,1638,1/2/2008 23:18,1/16/2008 23:18
205,6,3159,1/3/2008 23:18,1/17/2008 23:18
206,5,2860,12/26/2007 23:18,1/9/2008 23:18
206,10,4394,1/1/2008 23:18,1/15/2008 23:18
207,4,2561,1/1/2008 23:18,1/15/2008 23:18
207,9,4095,12/27/2007 23:18,1/10/2008 23:18
208,3,2262,12/20/2007 23:18,1/3/2008 23:18
208,8,3796,12/20/2007 23:18,1/3/2008 23:18
209,2,1963,12/22/2007 23:18,1/5/2008 23:18
209,7,3497,12/27/2007 23:18,1/10/2008 23:18
210,1,1664,12/22/2007 23:18,1/5/2008 23:18
210,6,3198,1/1/2008 23:18,1/15/2008 23:18
211,5,2899,1/4/2008 23:18,1/18/2008 23:18
211,10,4420,1/3/2008 23:18,1/17/2008 23:18
212,4,2600,12/20/2007 23:18,1/3/2008 23:18
212,9,4121,12/24/2007 23:18,1/7/2008 23:18
213,3,2301,1/4/2008 23:18,1/18/2008 23:18
213,8,3822,12/28/2007 23:18,1/11/2008 23:18
214,2,2002,1/1/2008 23:18,1/15/2008 23:18
214,7,3523,12/30/2007 23:18,1/13/2008 23:18
215,1,1703,12/27/2007 23:18,1/10/2008 23:18
215,6,3224,12/30/2007 23:18,1/13/2008 23:18
216,5,2925,12/28/2007 23:18,1/11/2008 23:18
216,10,4459,12/20/2007 23:18,1/3/2008 23:18
217,4,2626,12/24/2007 23:18,1/7/2008 23:18
217,9,4160,12/21/2007 23:18,1/4/2008 23:18
218,3,2327,1/3/2008 23:18,1/17/2008 23:18
218,8,3861,12/20/2007 23:18,1/3/2008 23:18
219,2,2028,12/26/2007 23:18,1/9/2008 23:18
219,7,3562,1/2/2008 23:18,1/16/2008 23:18
220,1,1729,1/1/2008 23:18,1/15/2008 23:18
220,6,3263,12/28/2007 23:18,1/11/2008 23:18
221,5,2964,12/21/2007 23:18,1/4/2008 23:18
221,10,4485,12/22/2007 23:18,1/5/2008 23:18
222,4,2665,12/28/2007 23:18,1/11/2008 23:18
222,9,4186,1/3/2008 23:18,1/17/2008 23:18
223,3,2366,1/2/2008 23:18,1/16/2008 23:18
223,8,3887,12/28/2007 23:18,1/11/2008 23:18
224,2,2067,12/20/2007 23:18,1/3/2008 23:18
224,7,3588,12/20/2007 23:18,1/3/2008 23:18
225,1,1768,12/21/2007 23:18,1/4/2008 23:18
225,6,3289,12/26/2007 23:18,1/9/2008 23:18
226,5,2990,12/30/2007 23:18,1/13/2008 23:18
226,10,4524,12/24/2007 23:18,1/7/2008 23:18
227,4,2691,1/1/2008 23:18,1/15/2008 23:18
227,9,4225,12/31/2007 23:18,1/14/2008 23:18
228,3,2392,1/1/2008 23:18,1/15/2008 23:18
228,8,3926,12/20/2007 23:18,1/3/2008 23:18
229,2,2093,12/30/2007 23:18,1/13/2008 23:18
229,7,3627,12/23/2007 23:18,1/6/2008 23:18
230,1,1794,12/26/2007 23:18,1/9/2008 23:18
230,6,3328,12/24/2007 23:18,1/7/2008 23:18
231,5,3029,12/23/2007 23:18,1/6/2008 23:18
231,10,4550,12/26/2007 23:18,1/9/2008 23:18
232,4,2730,12/20/2007 23:18,1/3/2008 23:18
232,9,4251,12/28/2007 23:18,1/11/2008 23:18
233,3,2431,12/31/2007 23:18,1/14/2008 23:18
233,8,3952,12/28/2007 23:18,1/11/2008 23:18
234,2,2132,12/24/2007 23:18,1/7/2008 23:18
234,7,3653,12/26/2007 23:18,1/9/2008 23:18
235,1,1833,12/31/2007 23:18,1/14/2008 23:18
235,6,3354,12/22/2007 23:18,1/5/2008 23:18
236,5,3055,1/1/2008 23:18,1/15/2008 23:18
236,10,4589,12/28/2007 23:18,1/11/2008 23:18
237,4,2756,12/24/2007 23:18,1/7/2008 23:18
237,9,4290,12/25/2007 23:18,1/8/2008 23:18
238,3,2457,12/30/2007 23:18,1/13/2008 23:18
238,8,3991,12/20/2007 23:18,1/3/2008 23:18
239,2,2158,1/3/2008 23:18,1/17/2008 23:18
239,7,3692,12/29/2007 23:18,1/12/2008 23:18
240,1,1859,12/20/2007 23:18,1/3/2008 23:18
240,6,3393,12/20/2007 23:18,1/3/2008 23:18
241,5,3094,12/25/2007 23:18,1/8/2008 23:18
241,10,4615,12/30/2007 23:18,1/13/2008 23:18
242,4,2795,12/28/2007 23:18,1/11/2008 23:18
242,9,4316,12/22/2007 23:18,1/5/2008 23:18
243,3,2496,12/29/2007 23:18,1/12/2008 23:18
243,8,4017,12/28/2007 23:18,1/11/2008 23:18
244,2,2197,12/28/2007 23:18,1/11/2008 23:18
244,7,3718,1/1/2008 23:18,1/15/2008 23:18
245,1,1898,12/25/2007 23:18,1/8/2008 23:18
245,6,3419,1/3/2008 23:18,1/17/2008 23:18
246,5,3120,1/3/2008 23:18,1/17/2008 23:18
246,10,4654,1/1/2008 23:18,1/15/2008 23:18
247,4,2821,1/1/2008 23:18,1/15/2008 23:18
247,9,4355,1/4/2008 23:18,1/18/2008 23:18
248,3,2522,12/28/2007 23:18,1/11/2008 23:18
248,8,4056,12/20/2007 23:18,1/3/2008 23:18
249,2,2223,12/22/2007 23:18,1/5/2008 23:18
249,7,3757,1/4/2008 23:18,1/18/2008 23:18
250,1,1924,12/30/2007 23:18,1/13/2008 23:18
250,6,3458,1/1/2008 23:18,1/15/2008 23:18
251,5,3159,12/27/2007 23:18,1/10/2008 23:18
251,10,4680,1/3/2008 23:18,1/17/2008 23:18
252,4,2860,12/20/2007 23:18,1/3/2008 23:18
252,9,4381,1/1/2008 23:18,1/15/2008 23:18
253,3,2561,12/27/2007 23:18,1/10/2008 23:18
253,8,4082,12/28/2007 23:18,1/11/2008 23:18
254,2,2262,1/1/2008 23:18,1/15/2008 23:18
254,7,3783,12/22/2007 23:18,1/5/2008 23:18
255,1,1963,1/4/2008 23:18,1/18/2008 23:18
255,6,3484,12/30/2007 23:18,1/13/2008 23:18
256,5,3185,12/20/2007 23:18,1/3/2008 23:18
256,10,4719,12/20/2007 23:18,1/3/2008 23:18
257,4,2886,12/24/2007 23:18,1/7/2008 23:18
257,9,4420,12/29/2007 23:18,1/12/2008 23:18
258,3,2587,12/26/2007 23:18,1/9/2008 23:18
258,8,4121,12/20/2007 23:18,1/3/2008 23:18
259,2,2288,12/26/2007 23:18,1/9/2008 23:18
259,7,3822,12/25/2007 23:18,1/8/2008 23:18
260,1,1989,12/24/2007 23:18,1/7/2008 23:18
260,6,3523,12/28/2007 23:18,1/11/2008 23:18
261,5,3224,12/29/2007 23:18,1/12/2008 23:18
261,10,4745,12/22/2007 23:18,1/5/2008 23:18
262,4,2925,12/28/2007 23:18,1/11/2008 23:18
262,9,4446,12/26/2007 23:18,1/9/2008 23:18
263,3,2626,12/25/2007 23:18,1/8/2008 23:18
263,8,4147,12/28/2007 23:18,1/11/2008 23:18
264,2,2327,12/20/2007 23:18,1/3/2008 23:18
264,7,3848,12/28/2007 23:18,1/11/2008 23:18
265,1,2028,12/29/2007 23:18,1/12/2008 23:18
265,6,3549,12/26/2007 23:18,1/9/2008 23:18
266,5,3250,12/22/2007 23:18,1/5/2008 23:18
266,10,4784,12/24/2007 23:18,1/7/2008 23:18
267,4,2951,1/1/2008 23:18,1/15/2008 23:18
267,9,4485,12/23/2007 23:18,1/6/2008 23:18
268,3,2652,12/24/2007 23:18,1/7/2008 23:18
268,8,4186,12/20/2007 23:18,1/3/2008 23:18
269,2,2353,12/30/2007 23:18,1/13/2008 23:18
269,7,3887,12/31/2007 23:18,1/14/2008 23:18
270,1,2054,1/3/2008 23:18,1/17/2008 23:18
270,6,3588,12/24/2007 23:18,1/7/2008 23:18
271,5,3289,12/31/2007 23:18,1/14/2008 23:18
271,10,4810,12/26/2007 23:18,1/9/2008 23:18
272,4,2990,12/20/2007 23:18,1/3/2008 23:18
272,9,4511,12/20/2007 23:18,1/3/2008 23:18
273,3,2691,12/23/2007 23:18,1/6/2008 23:18
273,8,4212,12/28/2007 23:18,1/11/2008 23:18
274,2,2392,12/24/2007 23:18,1/7/2008 23:18
274,7,3913,1/3/2008 23:18,1/17/2008 23:18
275,1,2093,12/23/2007 23:18,1/6/2008 23:18
275,6,3614,12/22/2007 23:18,1/5/2008 23:18
276,5,3315,12/24/2007 23:18,1/7/2008 23:18
276,10,4849,12/28/2007 23:18,1/11/2008 23:18
277,4,3016,12/24/2007 23:18,1/7/2008 23:18
277,9,4550,1/2/2008 23:18,1/16/2008 23:18
278,3,2717,12/22/2007 23:18,1/5/2008 23:18
278,8,4251,12/20/2007 23:18,1/3/2008 23:18
279,2,2418,1/3/2008 23:18,1/17/2008 23:18
279,7,3952,12/21/2007 23:18,1/4/2008 23:18
280,1,2119,12/28/2007 23:18,1/11/2008 23:18
280,6,3653,12/20/2007 23:18,1/3/2008 23:18
281,5,3354,1/2/2008 23:18,1/16/2008 23:18
281,10,4875,12/30/2007 23:18,1/13/2008 23:18
282,4,3055,12/28/2007 23:18,1/11/2008 23:18
282,9,4576,12/30/2007 23:18,1/13/2008 23:18
283,3,2756,12/21/2007 23:18,1/4/2008 23:18
283,8,4277,12/28/2007 23:18,1/11/2008 23:18
284,2,2457,12/28/2007 23:18,1/11/2008 23:18
284,7,3978,12/24/2007 23:18,1/7/2008 23:18
285,1,2158,1/2/2008 23:18,1/16/2008 23:18
285,6,3679,1/3/2008 23:18,1/17/2008 23:18
286,5,3380,12/26/2007 23:18,1/9/2008 23:18
286,10,4914,1/1/2008 23:18,1/15/2008 23:18
287,4,3081,1/1/2008 23:18,1/15/2008 23:18
287,9,4615,12/27/2007 23:18,1/10/2008 23:18
288,3,2782,12/20/2007 23:18,1/3/2008 23:18
288,8,4316,12/20/2007 23:18,1/3/2008 23:18
289,2,2483,12/22/2007 23:18,1/5/2008 23:18
289,7,4017,12/27/2007 23:18,1/10/2008 23:18
290,1,2184,12/22/2007 23:18,1/5/2008 23:18
290,6,3718,1/1/2008 23:18,1/15/2008 23:18
291,5,3419,1/4/2008 23:18,1/18/2008 23:18
291,10,4940,1/3/2008 23:18,1/17/2008 23:18
292,4,3120,12/20/2007 23:18,1/3/2008 23:18
292,9,4641,12/24/2007 23:18,1/7/2008 23:18
293,3,2821,1/4/2008 23:18,1/18/2008 23:18
293,8,4342,12/28/2007 23:18,1/11/2008 23:18
294,2,2522,1/1/2008 23:18,1/15/2008 23:18
294,7,4043,12/30/2007 23:18,1/13/2008 23:18
295,1,2223,12/27/2007 23:18,1/10/2008 23:18
295,6,3744,12/30/2007 23:18,1/13/2008 23:18
296,5,3445,12/28/2007 23:18,1/11/2008 23:18
296,10,4979,12/20/2007 23:18,1/3/2008 23:18
297,4,3146,12/24/2007 23:18,1/7/2008 23:18
297,9,4680,12/21/2007 23:18,1/4/2008 23:18
298,3,2847,1/3/2008 23:18,1/17/2008 23:18
298,8,4381,12/20/2007 23:18,1/3/2008 23:18
299,2,2548,12/26/2007 23:18,1/9/2008 23:18
299,7,4082,1/2/2008 23:18,1/16/2008 23:18
300,1,2249,1/1/2008 23:18,1/15/2008 23:18
300,6,3783,12/28/2007 23:18,1/11/2008 23:18
301,5,3484,12/21/2007 23:18,1/4/2008 23:18
301,10,5005,12/22/2007 23:18,1/5/2008 23:18
302,4,3185,12/28/2007 23:18,1/11/2008 23:18
302,9,4706,1/3/2008 23:18,1/17/2008 23:18
303,3,2886,1/2/2008 23:18,1/16/2008 23:18
303,8,4407,12/28/2007 23:18,1/11/2008 23:18
304,2,2587,12/20/2007 23:18,1/3/2008 23:18
304,7,4108,12/20/2007 23:18,1/3/2008 23:18
305,1,2288,12/21/2007 23:18,1/4/2008 23:18
305,6,3809,12/26/2007 23:18,1/9/2008 23:18
306,5,3510,12/30/2007 23:18,1/13/2008 23:18
306,10,5044,12/24/2007 23:18,1/7/2008 23:18
307,4,3211,1/1/2008 23:18,1/15/2008 23:18
307,9,4745,12/31/2007 23:18,1/14/2008 23:18
308,3,2912,1/1/2008 23:18,1/15/2008 23:18
308,8,4446,12/20/2007 23:18,1/3/2008 23:18
309,2,2613,12/30/2007 23:18,1/13/2008 23:18
309,7,4147,12/23/2007 23:18,1/6/2008 23:18
310,1,2314,12/26/2007 23:18,1/9/2008 23:18
310,6,3848,12/24/2007 23:18,1/7/2008 23:18
311,5,3549,12/23/2007 23:18,1/6/2008 23:18
311,10,5070,12/26/2007 23:18,1/9/2008 23:18
312,4,3250,12/20/2007 23:18,1/3/2008 23:18
312,9,4771,12/28/2007 23:18,1/11/2008 23:18
313,3,2951,12/31/2007 23:18,1/14/2008 23:18
313,8,4472,12/28/2007 23:18,1/11/2008 23:18
314,2,2652,12/24/2007 23:18,1/7/2008 23:18
314,7,4173,12/26/2007 23:18,1/9/2008 23:18
315,1,2353,12/31/2007 23:18,1/14/2008 23:18
315,6,3874,12/22/2007 23:18,1/5/2008 23:18
316,5,3575,1/1/2008 23:18,1/15/2008 23:18
316,10,5109,12/28/2007 23:18,1/11/2008 23:18
317,4,3276,12/24/2007 23:18,1/7/2008 23:18
317,9,4810,12/25/2007 23:18,1/8/2008 23:18
318,3,2977,12/30/2007 23:18,1/13/2008 23:18
318,8,4511,12/20/2007 23:18,1/3/2008 23:18
319,2,2678,1/3/2008 23:18,1/17/2008 23:18
319,7,4212,12/29/2007 23:18,1/12/2008 23:18
320,1,2379,12/20/2007 23:18,1/3/2008 23:18
320,6,3913,12/20/2007 23:18,1/3/2008 23:18
321,5,3614,12/25/2007 23:18,1/8/2008 23:18
321,10,5135,12/30/2007 23:18,1/13/2008 23:18
322,4,3315,12/28/2007 23:18,1/11/2008 23:18
322,9,4836,12/22/2007 23:18,1/5/2008 23:18
323,3,3016,12/29/2007 23:18,1/12/2008 23:18
323,8,4537,12/28/2007 23:18,1/11/2008 23:18
324,2,2717,12/28/2007 23:18,1/11/2008 23:18
324,7,4238,1/1/2008 23:18,1/15/2008 23:18
325,1,2418,12/25/2007 23:18,1/8/2008 23:18
325,6,3939,1/3/2008 23:18,1/17/2008 23:18
326,5,3640,1/3/2008 23:18,1/17/2008 23:18
326,10,5174,1/1/2008 23:18,1/15/2008 23:18
327,4,3341,1/1/2008 23:18,1/15/2008 23:18
327,9,4875,1/4/2008 23:18,1/18/2008 23:18
328,3,3042,12/28/2007 23:18,1/11/2008 23:18
328,8,4576,12/20/2007 23:18,1/3/2008 23:18
329,2,2743,12/22/2007 23:18,1/5/2008 23:18
329,7,4277,1/4/2008 23:18,1/18/2008 23:18
330,1,2444,12/30/2007 23:18,1/13/2008 23:18
330,6,3978,1/1/2008 23:18,1/15/2008 23:18
331,5,3679,12/27/2007 23:18,1/10/2008 23:18
331,10,5200,1/3/2008 23:18,1/17/2008 23:18
332,4,3380,12/20/2007 23:18,1/3/2008 23:18
332,9,4901,1/1/2008 23:18,1/15/2008 23:18
333,3,3081,12/27/2007 23:18,1/10/2008 23:18
333,8,4602,12/28/2007 23:18,1/11/2008 23:18
334,2,2782,1/1/2008 23:18,1/15/2008 23:18
334,7,4303,12/22/2007 23:18,1/5/2008 23:18
335,1,2483,1/4/2008 23:18,1/18/2008 23:18
335,6,4004,12/30/2007 23:18,1/13/2008 23:18
336,5,3705,12/20/2007 23:18,1/3/2008 23:18
336,10,5239,12/20/2007 23:18,1/3/2008 23:18
337,4,3406,12/24/2007 23:18,1/7/2008 23:18
337,9,4940,12/29/2007 23:18,1/12/2008 23:18
338,3,3107,12/26/2007 23:18,1/9/2008 23:18
338,8,4641,12/20/2007 23:18,1/3/2008 23:18
339,2,2808,12/26/2007 23:18,1/9/2008 23:18
339,7,4342,12/25/2007 23:18,1/8/2008 23:18
340,1,2509,12/24/2007 23:18,1/7/2008 23:18
340,6,4043,12/28/2007 23:18,1/11/2008 23:18
341,5,3744,12/29/2007 23:18,1/12/2008 23:18
341,10,5265,12/22/2007 23:18,1/5/2008 23:18
342,4,3445,12/28/2007 23:18,1/11/2008 23:18
342,9,4966,12/26/2007 23:18,1/9/2008 23:18
343,3,3146,12/25/2007 23:18,1/8/2008 23:18
343,8,4667,12/28/2007 23:18,1/11/2008 23:18
344,2,2847,12/20/2007 23:18,1/3/2008 23:18
344,7,4368,12/28/2007 23:18,1/11/2008 23:18
345,1,2548,12/29/2007 23:18,1/12/2008 23:18
345,6,4069,12/26/2007 23:18,1/9/2008 23:18
346,5,3770,12/22/2007 23:18,1/5/2008 23:18
346,10,5304,12/24/2007 23:18,1/7/2008 23:18
347,4,3471,1/1/2008 23:18,1/15/2008 23:18
347,9,5005,12/23/2007 23:18,1/6/2008 23:18
348,3,3172,12/24/2007 23:18,1/7/2008 23:18
348,8,4706,12/20/2007 23:18,1/3/2008 23:18
349,2,2873,12/30/2007 23:18,1/13/2008 23:18
349,7,4407,12/31/2007 23:18,1/14/2008 23:18
350,1,2574,1/3/2008 23:18,1/17/2008 23:18
350,6,4108,12/24/2007 23:18,1/7/2008 23:18
351,5,3809,12/31/2007 23:18,1/14/2008 23:18
351,10,5330,12/26/2007 23:18,1/9/2008 23:18
352,4,3510,12/20/2007 23:18,1/3/2008 23:18
352,9,5031,12/20/2007 23:18,1/3/2008 23:18
353,3,3211,12/23/2007 23:18,1/6/2008 23:18
353,8,4732,12/28/2007 23:18,1/11/2008 23:18
354,2,2912,12/24/2007 23:18,1/7/2008 23:18
354,7,4433,1/3/2008 23:18,1/17/2008 23:18
355,1,2613,12/23/2007 23:18,1/6/2008 23:18
355,6,4134,12/22/2007 23:18,1/5/2008 23:18
356,5,3835,12/24/2007 23:18,1/7/2008 23:18
356,10,5369,12/28/2007 23:18,1/11/2008 23:18
357,4,3536,12/24/2007 23:18,1/7/2008 23:18
357,9,5070,1/2/2008 23:18,1/16/2008 23:18
358,3,3237,12/22/2007 23:18,1/5/2008 23:18
358,8,4771,12/20/2007 23:18,1/3/2008 23:18
359,2,2938,1/3/2008 23:18,1/17/2008 23:18
359,7,4472,12/21/2007 23:18,1/4/2008 23:18
360,1,2639,12/28/2007 23:18,1/11/2008 23:18
360,6,4173,12/20/2007 23:18,1/3/2008 23:18
361,5,3874,1/2/2008 23:18,1/16/2008 23:18
361,10,5395,12/30/2007 23:18,1/13/2008 23:18
362,4,3575,12/28/2007 23:18,1/11/2008 23:18
362,9,5096,12/30/2007 23:18,1/13/2008 23:18
363,3,3276,12/21/2007 23:18,1/4/2008 23:18
363,8,4797,12/28/2007 23:18,1/11/2008 23:18
364,2,2977,12/28/2007 23:18,1/11/2008 23:18
364,7,4498,12/24/2007 23:18,1/7/2008 23:18
365,1,2678,1/2/2008 23:18,1/16/2008 23:18
365,6,4199,1/3/2008 23:18,1/17/2008 23:18
366,5,3900,12/26/2007 23:18,1/9/2008 23:18
366,10,5434,1/1/2008 23:18,1/15/2008 23:18
367,4,3601,1/1/2008 23:18,1/15/2008 23:18
367,9,5135,12/27/2007 23:18,1/10/2008 23:18
368,3,3302,12/20/2007 23:18,1/3/2008 23:18
368,8,4836,12/20/2007 23:18,1/3/2008 23:18
369,2,3003,12/22/2007 23:18,1/5/2008 23:18
369,7,4537,12/27/2007 23:18,1/10/2008 23:18
370,1,2704,12/22/2007 23:18,1/5/2008 23:18
370,6,4238,1/1/2008 23:18,1/15/2008 23:18
371,5,3939,1/4/2008 23:18,1/18/2008 23:18
371,10,5460,1/3/2008 23:18,1/17/2008 23:18
372,4,3640,12/20/2007 23:18,1/3/2008 23:18
372,9,5161,12/24/2007 23:18,1/7/2008 23:18
373,3,3341,1/4/2008 23:18,1/18/2008 23:18
373,8,4862,12/28/2007 23:18,1/11/2008 23:18
374,2,3042,1/1/2008 23:18,1/15/2008 23:18
374,7,4563,12/30/2007 23:18,1/13/2008 23:18
375,1,2743,12/27/2007 23:18,1/10/2008 23:18
375,6,4264,12/30/2007 23:18,1/13/2008 23:18
376,5,3965,12/28/2007 23:18,1/11/2008 23:18
376,10,5499,12/20/2007 23:18,1/3/2008 23:18
377,4,3666,12/24/2007 23:18,1/7/2008 23:18
377,9,5200,12/21/2007 23:18,1/4/2008 23:18
378,3,3367,1/3/2008 23:18,1/17/2008 23:18
378,8,4901,12/20/2007 23:18,1/3/2008 23:18
379,2,3068,12/26/2007 23:18,1/9/2008 23:18
379,7,4602,1/2/2008 23:18,1/16/2008 23:18
380,1,2769,1/1/2008 23:18,1/15/2008 23:18
380,6,4303,12/28/2007 23:18,1/11/2008 23:18
381,5,4004,12/21/2007 23:18,1/4/2008 23:18
381,10,5525,12/22/2007 23:18,1/5/2008 23:18
382,4,3705,12/28/2007 23:18,1/11/2008 23:18
382,9,5226,1/3/2008 23:18,1/17/2008 23:18
383,3,3406,1/2/2008 23:18,1/16/2008 23:18
383,8,4927,12/28/2007 23:18,1/11/2008 23:18
384,2,3107,12/20/2007 23:18,1/3/2008 23:18
384,7,4628,12/20/2007 23:18,1/3/2008 23:18
385,1,2808,12/21/2007 23:18,1/4/2008 23:18
385,6,4329,12/26/2007 23:18,1/9/2008 23:18
386,5,4030,12/30/2007 23:18,1/13/2008 23:18
386,10,5564,12/24/2007 23:18,1/7/2008 23:18
387,4,3731,1/1/2008 23:18,1/15/2008 23:18
387,9,5265,12/31/2007 23:18,1/14/2008 23:18
388,3,3432,1/1/2008 23:18,1/15/2008 23:18
388,8,4966,12/20/2007 23:18,1/3/2008 23:18
389,2,3133,12/30/2007 23:18,1/13/2008 23:18
389,7,4667,12/23/2007 23:18,1/6/2008 23:18
390,1,2834,12/26/2007 23:18,1/9/2008 23:18
390,6,4368,12/24/2007 23:18,1/7/2008 23:18
391,5,4069,12/23/2007 23:18,1/6/2008 23:18
391,10,5590,12/26/2007 23:18,1/9/2008 23:18
392,4,3770,12/20/2007 23:18,1/3/2008 23:18
392,9,5291,12/28/2007 23:18,1/11/2008 23:18
393,3,3471,12/31/2007 23:18,1/14/2008 23:18
393,8,4992,12/28/2007 23:18,1/11/2008 23:18
394,2,3172,12/24/2007 23:18,1/7/2008 23:18
394,7,4693,12/26/2007 23:18,1/9/2008 23:18
395,1,2873,12/31/2007 23:18,1/14/2008 23:18
395,6,4394,12/22/2007 23:18,1/5/2008 23:18
396,5,4095,1/1/2008 23:18,1/15/2008 23:18
396,10,5629,12/28/2007 23:18,1/11/2008 23:18
397,4,3796,12/24/2007 23:18,1/7/2008 23:18
397,9,5330,12/25/2007 23:18,1/8/2008 23:18
398,3,3497,12/30/2007 23:18,1/13/2008 23:18
398,8,5031,12/20/2007 23:18,1/3/2008 23:18
399,2,3198,1/3/2008 23:18,1/17/2008 23:18
399,7,4732,12/29/2007 23:18,1/12/2008 23:18
400,1,2899,12/20/2007 23:18,1/3/2008 23:18
400,6,4433,12/20/2007 23:18,1/3/2008 23:18
401,5,4134,12/25/2007 23:18,1/8/2008 23:18
401,10,5655,12/30/2007 23:18,1/13/2008 23:18
402,4,3835,12/28/2007 23:18,1/11/2008 23:18
402,9,5356,12/22/2007 23:18,1/5/2008 23:18
403,3,3536,12/29/2007 23:18,1/12/2008 23:18
403,8,5057,12/28/2007 23:18,1/11/2008 23:18
404,2,3237,12/28/2007 23:18,1/11/2008 23:18
404,7,4758,1/1/2008 23:18,1/15/2008 23:18
405,1,2938,12/25/2007 23:18,1/8/2008 23:18
405,6,4459,1/3/2008 23:18,1/17/2008 23:18
406,5,4160,1/3/2008 23:18,1/17/2008 23:18
406,10,5694,1/1/2008 23:18,1/15/2008 23:18
407,4,3861,1/1/2008 23:18,1/15/2008 23:18
407,9,5395,1/4/2008 23:18,1/18/2008 23:18
408,3,3562,12/28/2007 23:18,1/11/2008 23:18
408,8,5096,12/20/2007 23:18,1/3/2008 23:18
409,2,3263,12/22/2007 23:18,1/5/2008 23:18
409,7,4797,1/4/2008 23:18,1/18/2008 23:18
410,1,2964,12/30/2007 23:18,1/13/2008 23:18
410,6,4498,1/1/2008 23:18,1/15/2008 23:18
411,5,4199,12/27/2007 23:18,1/10/2008 23:18
411,10,5720,1/3/2008 23:18,1/17/2008 23:18
412,4,3900,12/20/2007 23:18,1/3/2008 23:18
412,9,5421,1/1/2008 23:18,1/15/2008 23:18
413,3,3601,12/27/2007 23:18,1/10/2008 23:18
413,8,5122,12/28/2007 23:18,1/11/2008 23:18
414,2,3302,1/1/2008 23:18,1/15/2008 23:18
414,7,4823,12/22/2007 23:18,1/5/2008 23:18
415,1,3003,1/4/2008 23:18,1/18/2008 23:18
415,6,4524,12/30/2007 23:18,1/13/2008 23:18
416,5,4225,12/20/2007 23:18,1/3/2008 23:18
416,10,5759,12/20/2007 23:18,1/3/2008 23:18
417,4,3926,12/24/2007 23:18,1/7/2008 23:18
417,9,5460,12/29/2007 23:18,1/12/2008 23:18
418,3,3627,12/26/2007 23:18,1/9/2008 23:18
418,8,5161,12/20/2007 23:18,1/3/2008 23:18
419,2,3328,12/26/2007 23:18,1/9/2008 23:18
419,7,4862,12/25/2007 23:18,1/8/2008 23:18
420,1,3029,12/24/2007 23:18,1/7/2008 23:18
420,6,4563,12/28/2007 23:18,1/11/2008 23:18
421,5,4264,12/29/2007 23:18,1/12/2008 23:18
421,10,5785,12/22/2007 23:18,1/5/2008 23:18
422,4,3965,12/28/2007 23:18,1/11/2008 23:18
422,9,5486,12/26/2007 23:18,1/9/2008 23:18
423,3,3666,12/25/2007 23:18,1/8/2008 23:18
423,8,5187,12/28/2007 23:18,1/11/2008 23:18
424,2,3367,12/20/2007 23:18,1/3/2008 23:18
424,7,4888,12/28/2007 23:18,1/11/2008 23:18
425,1,3068,12/29/2007 23:18,1/12/2008 23:18
425,6,4589,12/26/2007 23:18,1/9/2008 23:18
426,5,4290,12/22/2007 23:18,1/5/2008 23:18
426,10,5824,12/24/2007 23:18,1/7/2008 23:18
427,4,3991,1/1/2008 23:18,1/15/2008 23:18
427,9,5525,12/23/2007 23:18,1/6/2008 23:18
428,3,3692,12/24/2007 23:18,1/7/2008 23:18
428,8,5226,12/20/2007 23:18,1/3/2008 23:18
429,2,3393,12/30/2007 23:18,1/13/2008 23:18
429,7,4927,12/31/2007 23:18,1/14/2008 23:18
430,1,3094,1/3/2008 23:18,1/17/2008 23:18
430,6,4628,12/24/2007 23:18,1/7/2008 23:18
431,5,4329,12/31/2007 23:18,1/14/2008 23:18
431,10,5850,12/26/2007 23:18,1/9/2008 23:18
432,4,4030,12/20/2007 23:18,1/3/2008 23:18
432,9,5551,12/20/2007 23:18,1/3/2008 23:18
433,3,3731,12/23/2007 23:18,1/6/2008 23:18
433,8,5252,12/28/2007 23:18,1/11/2008 23:18
434,2,3432,12/24/2007 23:18,1/7/2008 23:18
434,7,4953,1/3/2008 23:18,1/17/2008 23:18
435,1,3133,12/23/2007 23:18,1/6/2008 23:18
435,6,4654,12/22/2007 23:18,1/5/2008 23:18
436,5,4355,12/24/2007 23:18,1/7/2008 23:18
436,10,5889,12/28/2007 23:18,1/11/2008 23:18
437,4,4056,12/24/2007 23:18,1/7/2008 23:18
437,9,5590,1/2/2008 23:18,1/16/2008 23:18
438,3,3757,12/22/2007 23:18,1/5/2008 23:18
438,8,5291,12/20/2007 23:18,1/3/2008 23:18
439,2,3458,1/3/2008 23:18,1/17/2008 23:18
439,7,4992,12/21/2007 23:18,1/4/2008 23:18
440,1,3159,12/28/2007 23:18,1/11/2008 23:18
440,6,4693,12/20/2007 23:18,1/3/2008 23:18
441,5,4394,1/2/2008 23:18,1/16/2008 23:18
441,10,5915,12/30/2007 23:18,1/13/2008 23:18
442,4,4095,12/28/2007 23:18,1/11/2008 23:18
442,9,5616,12/30/2007 23:18,1/13/2008 23:18
443,3,3796,12/21/2007 23:18,1/4/2008 23:18
443,8,5317,12/28/2007 23:18,1/11/2008 23:18
444,2,3497,12/28/2007 23:18,1/11/2008 23:18
444,7,5018,12/24/2007 23:18,1/7/2008 23:18
445,1,3198,1/2/2008 23:18,1/16/2008 23:18
445,6,4719,1/3/2008 23:18,1/17/2008 23:18
446,5,4420,12/26/2007 23:18,1/9/2008 23:18
446,10,5954,1/1/2008 23:18,1/15/2008 23:18
447,4,4121,1/1/2008 23:18,1/15/2008 23:18
447,9,5655,12/27/2007 23:18,1/10/2008 23:18
448,3,3822,12/20/2007 23:18,1/3/2008 23:18
448,8,5356,12/20/2007 23:18,1/3/2008 23:18
449,2,3523,12/22/2007 23:18,1/5/2008 23:18
449,7,5057,12/27/2007 23:18,1/10/2008 23:18
450,1,3224,12/22/2007 23:18,1/5/2008 23:18
450,6,4758,1/1/2008 23:18,1/15/2008 23:18
451,5,4459,1/4/2008 23:18,1/18/2008 23:18
451,10,5980,1/3/2008 23:18,1/17/2008 23:18
452,4,4160,12/20/2007 23:18,1/3/2008 23:18
452,9,5681,12/24/2007 23:18,1/7/2008 23:18
453,3,3861,1/4/2008 23:18,1/18/2008 23:18
453,8,5382,12/28/2007 23:18,1/11/2008 23:18
454,2,3562,1/1/2008 23:18,1/15/2008 23:18
454,7,5083,12/30/2007 23:18,1/13/2008 23:18
455,1,3263,12/27/2007 23:18,1/10/2008 23:18
455,6,4784,12/30/2007 23:18,1/13/2008 23:18
456,5,4485,12/28/2007 23:18,1/11/2008 23:18
456,10,6019,12/20/2007 23:18,1/3/2008 23:18
457,4,4186,12/24/2007 23:18,1/7/2008 23:18
457,9,5720,12/21/2007 23:18,1/4/2008 23:18
458,3,3887,1/3/2008 23:18,1/17/2008 23:18
458,8,5421,12/20/2007 23:18,1/3/2008 23:18
459,2,3588,12/26/2007 23:18,1/9/2008 23:18
459,7,5122,1/2/2008 23:18,1/16/2008 23:18
460,1,3289,1/1/2008 23:18,1/15/2008 23:18
460,6,4823,12/28/2007 23:18,1/11/2008 23:18
461,5,4524,12/21/2007 23:18,1/4/2008 23:18
461,10,6045,12/22/2007 23:18,1/5/2008 23:18
462,4,4225,12/28/2007 23:18,1/11/2008 23:18
462,9,5746,1/3/2008 23:18,1/17/2008 23:18
463,3,3926,1/2/2008 23:18,1/16/2008 23:18
463,8,5447,12/28/2007 23:18,1/11/2008 23:18
464,2,3627,12/20/2007 23:18,1/3/2008 23:18
464,7,5148,12/20/2007 23:18,1/3/2008 23:18
465,1,3328,12/21/2007 23:18,1/4/2008 23:18
465,6,4849,12/26/2007 23:18,1/9/2008 23:18
466,5,4550,12/30/2007 23:18,1/13/2008 23:18
466,10,6084,12/24/2007 23:18,1/7/2008 23:18
467,4,4251,1/1/2008 23:18,1/15/2008 23:18
467,9,5785,12/31/2007 23:18,1/14/2008 23:18
468,3,3952,1/1/2008 23:18,1/15/2008 23:18
468,8,5486,12/20/2007 23:18,1/3/2008 23:18
469,2,3653,12/30/2007 23:18,1/13/2008 23:18
469,7,5187,12/23/2007 23:18,1/6/2008 23:18
470,1,3354,12/26/2007 23:18,1/9/2008 23:18
470,6,4888,12/24/2007 23:18,1/7/2008 23:18
471,5,4589,12/23/2007 23:18,1/6/2008 23:18
471,10,6110,12/26/2007 23:18,1/9/2008 23:18
472,4,4290,12/20/2007 23:18,1/3/2008 23:18
472,9,5811,12/28/2007 23:18,1/11/2008 23:18
473,3,3991,12/31/2007 23:18,1/14/2008 23:18
473,8,5512,12/28/2007 23:18,1/11/2008 23:18
474,2,3692,12/24/2007 23:18,1/7/2008 23:18
474,7,5213,12/26/2007 23:18,1/9/2008 23:18
475,1,3393,12/31/2007 23:18,1/14/2008 23:18
475,6,4914,12/22/2007 23:18,1/5/2008 23:18
476,5,4615,1/1/2008 23:18,1/15/2008 23:18
476,10,6149,12/28/2007 23:18,1/11/2008 23:18
477,4,4316,12/24/2007 23:18,1/7/2008 23:18
477,9,5850,12/25/2007 23:18,1/8/2008 23:18
478,3,4017,12/30/2007 23:18,1/13/2008 23:18
478,8,5551,12/20/2007 23:18,1/3/2008 23:18
479,2,3718,1/3/2008 23:18,1/17/2008 23:18
479,7,5252,12/29/2007 23:18,1/12/2008 23:18
480,1,3419,12/20/2007 23:18,1/3/2008 23:18
480,6,4953,12/20/2007 23:18,1/3/2008 23:18
481,5,4654,12/25/2007 23:18,1/8/2008 23:18
481,10,6175,12/30/2007 23:18,1/13/2008 23:18
482,4,4355,12/28/2007 23:18,1/11/2008 23:18
482,9,5876,12/22/2007 23:18,1/5/2008 23:18
483,3,4056,12/29/2007 23:18,1/12/2008 23:18
483,8,5577,12/28/2007 23:18,1/11/2008 23:18
484,2,3757,12/28/2007 23:18,1/11/2008 23:18
484,7,5278,1/1/2008 23:18,1/15/2008 23:18
485,1,3458,12/25/2007 23:18,1/8/2008 23:18
485,6,4979,1/3/2008 23:18,1/17/2008 23:18
486,5,4680,1/3/2008 23:18,1/17/2008 23:18
486,10,6214,1/1/2008 23:18,1/15/2008 23:18
487,4,4381,1/1/2008 23:18,1/15/2008 23:18
487,9,5915,1/4/2008 23:18,1/18/2008 23:18
488,3,4082,12/28/2007 23:18,1/11/2008 23:18
488,8,5616,12/20/2007 23:18,1/3/2008 23:18
489,2,3783,12/22/2007 23:18,1/5/2008 23:18
489,7,5317,1/4/2008 23:18,1/18/2008 23:18
490,1,3484,12/30/2007 23:18,1/13/2008 23:18
490,6,5018,1/1/2008 23:18,1/15/2008 23:18
491,5,4719,12/27/2007 23:18,1/10/2008 23:18
491,10,6240,1/3/2008 23:18,1/17/2008 23:18
492,4,4420,12/20/2007 23:18,1/3/2008 23:18
492,9,5941,1/1/2008 23:18,1/15/2008 23:18
493,3,4121,12/27/2007 23:18,1/10/2008 23:18
493,8,5642,12/28/2007 23:18,1/11/2008 23:18
494,2,3822,1/1/2008 23:18,1/15/2008 23:18
494,7,5343,12/22/2007 23:18,1/5/2008 23:18
495,1,3523,1/4/2008 23:18,1/18/2008 23:18
495,6,5044,12/30/2007 23:18,1/13/2008 23:18
496,5,4745,12/20/2007 23:18,1/3/2008 23:18
496,10,6279,12/20/2007 23:18,1/3/2008 23:18
497,4,4446,12/24/2007 23:18,1/7/2008 23:18
497,9,5980,12/29/2007 23:18,1/12/2008 23:18
498,3,4147,12/26/2007 23:18,1/9/2008 23:18
498,8,5681,12/20/2007 23:18,1/3/2008 23:18
499,2,3848,12/26/2007 23:18,1/9/2008 23:18
499,7,5382,12/25/2007 23:18,1/8/2008 23:18
500,1,3549,12/24/2007 23:18,1/7/2008 23:18
500,6,5083,12/28/2007 23:18,1/11/2008 23:18
501,5,4784,12/29/2007 23:18,1/12/2008 23:18
501,10,6305,12/22/2007 23:18,1/5/2008 23:18
502,4,4485,12/28/2007 23:18,1/11/2008 23:18
502,9,6006,12/26/2007 23:18,1/9/2008 23:18
503,3,4186,12/25/2007 23:18,1/8/2008 23:18
503,8,5707,12/28/2007 23:18,1/11/2008 23:18
504,2,3887,12/20/2007 23:18,1/3/2008 23:18
504,7,5408,12/28/2007 23:18,1/11/2008 23:18
505,1,3588,12/29/2007 23:18,1/12/2008 23:18
505,6,5109,12/26/2007 23:18,1/9/2008 23:18
506,5,4810,12/22/2007 23:18,1/5/2008 23:18
506,10,6344,12/24/2007 23:18,1/7/2008 23:18
507,4,4511,1/1/2008 23:18,1/15/2008 23:18
507,9,6045,12/23/2007 23:18,1/6/2008 23:18
508,3,4212,12/24/2007 23:18,1/7/2008 23:18
508,8,5746,12/20/2007 23:18,1/3/2008 23:18
509,2,3913,12/30/2007 23:18,1/13/2008 23:18
509,7,5447,12/31/2007 23:18,1/14/2008 23:18
510,1,3614,1/3/2008 23:18,1/17/2008 23:18
510,6,5148,12/24/2007 23:18,1/7/2008 23:18
511,5,4849,12/31/2007 23:18,1/14/2008 23:18
511,10,6370,12/26/2007 23:18,1/9/2008 23:18
512,4,4550,12/20/2007 23:18,1/3/2008 23:18
512,9,6071,12/20/2007 23:18,1/3/2008 23:18
513,3,4251,12/23/2007 23:18,1/6/2008 23:18
513,8,5772,12/28/2007 23:18,1/11/2008 23:18
514,2,3952,12/24/2007 23:18,1/7/2008 23:18
514,7,5473,1/3/2008 23:18,1/17/2008 23:18
515,1,3653,12/23/2007 23:18,1/6/2008 23:18
515,6,5174,12/22/2007 23:18,1/5/2008 23:18
516,5,4875,12/24/2007 23:18,1/7/2008 23:18
516,10,6409,12/28/2007 23:18,1/11/2008 23:18
517,4,4576,12/24/2007 23:18,1/7/2008 23:18
517,9,6110,1/2/2008 23:18,1/16/2008 23:18
518,3,4277,12/22/2007 23:18,1/5/2008 23:18
518,8,5811,12/20/2007 23:18,1/3/2008 23:18
519,2,3978,1/3/2008 23:18,1/17/2008 23:18
519,7,5512,12/21/2007 23:18,1/4/2008 23:18
520,1,3679,12/28/2007 23:18,1/11/2008 23:18
520,6,5213,12/20/2007 23:18,1/3/2008 23:18
521,5,4914,1/2/2008 23:18,1/16/2008 23:18
521,10,6435,12/30/2007 23:18,1/13/2008 23:18
522,4,4615,12/28/2007 23:18,1/11/2008 23:18
522,9,6136,12/30/2007 23:18,1/13/2008 23:18
523,3,4316,12/21/2007 23:18,1/4/2008 23:18
523,8,5837,12/28/2007 23:18,1/11/2008 23:18
524,2,4017,12/28/2007 23:18,1/11/2008 23:18
524,7,5538,12/24/2007 23:18,1/7/2008 23:18
525,1,3718,1/2/2008 23:18,1/16/2008 23:18
525,6,5239,1/3/2008 23:18,1/17/2008 23:18
526,5,4940,12/26/2007 23:18,1/9/2008 23:18
526,10,6474,1/1/2008 23:18,1/15/2008 23:18
527,4,4641,1/1/2008 23:18,1/15/2008 23:18
527,9,6175,12/27/2007 23:18,1/10/2008 23:18
528,3,4342,12/20/2007 23:18,1/3/2008 23:18
528,8,5876,12/20/2007 23:18,1/3/2008 23:18
529,2,4043,12/22/2007 23:18,1/5/2008 23:18
529,7,5577,12/27/2007 23:18,1/10/2008 23:18
530,1,3744,12/22/2007 23:18,1/5/2008 23:18
530,6,5278,1/1/2008 23:18,1/15/2008 23:18
531,5,4979,1/4/2008 23:18,1/18/2008 23:18
531,10,6500,1/3/2008 23:18,1/17/2008 23:18
532,4,4680,12/20/2007 23:18,1/3/2008 23:18
532,9,6201,12/24/2007 23:18,1/7/2008 23:18
533,3,4381,1/4/2008 23:18,1/18/2008 23:18
533,8,5902,12/28/2007 23:18,1/11/2008 23:18
534,2,4082,1/1/2008 23:18,1/15/2008 23:18
534,7,5603,12/30/2007 23:18,1/13/2008 23:18
535,1,3783,12/27/2007 23:18,1/10/2008 23:18
535,6,5304,12/30/2007 23:18,1/13/2008 23:18
536,5,5005,12/28/2007 23:18,1/11/2008 23:18
536,10,6539,12/20/2007 23:18,1/3/2008 23:18
537,4,4706,12/24/2007 23:18,1/7/2008 23:18
537,9,6240,12/21/2007 23:18,1/4/2008 23:18
538,3,4407,1/3/2008 23:18,1/17/2008 23:18
538,8,5941,12/20/2007 23:18,1/3/2008 23:18
539,2,4108,12/26/2007 23:18,1/9/2008 23:18
539,7,5642,1/2/2008 23:18,1/16/2008 23:18
540,1,3809,1/1/2008 23:18,1/15/2008 23:18
540,6,5343,12/28/2007 23:18,1/11/2008 23:18
541,5,5044,12/21/2007 23:18,1/4/2008 23:18
541,10,6565,12/22/2007 23:18,1/5/2008 23:18
542,4,4745,12/28/2007 23:18,1/11/2008 23:18
542,9,6266,1/3/2008 23:18,1/17/2008 23:18
543,3,4446,1/2/2008 23:18,1/16/2008 23:18
543,8,5967,12/28/2007 23:18,1/11/2008 23:18
544,2,4147,12/20/2007 23:18,1/3/2008 23:18
544,7,5668,12/20/2007 23:18,1/3/2008 23:18
545,1,3848,12/21/2007 23:18,1/4/2008 23:18
545,6,5369,12/26/2007 23:18,1/9/2008 23:18
546,5,5070,12/30/2007 23:18,1/13/2008 23:18
546,10,6604,12/24/2007 23:18,1/7/2008 23:18
547,4,4771,1/1/2008 23:18,1/15/2008 23:18
547,9,6305,12/31/2007 23:18,1/14/2008 23:18
548,3,4472,1/1/2008 23:18,1/15/2008 23:18
548,8,6006,12/20/2007 23:18,1/3/2008 23:18
549,2,4173,12/30/2007 23:18,1/13/2008 23:18
549,7,5707,12/23/2007 23:18,1/6/2008 23:18
550,1,3874,12/26/2007 23:18,1/9/2008 23:18
550,6,5408,12/24/2007 23:18,1/7/2008 23:18
551,5,5109,12/23/2007 23:18,1/6/2008 23:18
551,10,6630,12/26/2007 23:18,1/9/2008 23:18
552,4,4810,12/20/2007 23:18,1/3/2008 23:18
552,9,6331,12/28/2007 23:18,1/11/2008 23:18
553,3,4511,12/31/2007 23:18,1/14/2008 23:18
553,8,6032,12/28/2007 23:18,1/11/2008 23:18
554,2,4212,12/24/2007 23:18,1/7/2008 23:18
554,7,5733,12/26/2007 23:18,1/9/2008 23:18
555,1,3913,12/31/2007 23:18,1/14/2008 23:18
555,6,5434,12/22/2007 23:18,1/5/2008 23:18
556,5,5135,1/1/2008 23:18,1/15/2008 23:18
556,10,6669,12/28/2007 23:18,1/11/2008 23:18
557,4,4836,12/24/2007 23:18,1/7/2008 23:18
557,9,6370,12/25/2007 23:18,1/8/2008 23:18
558,3,4537,12/30/2007 23:18,1/13/2008 23:18
558,8,6071,12/20/2007 23:18,1/3/2008 23:18
559,2,4238,1/3/2008 23:18,1/17/2008 23:18
559,7,5772,12/29/2007 23:18,1/12/2008 23:18
560,1,3939,12/20/2007 23:18,1/3/2008 23:18
560,6,5473,12/20/2007 23:18,1/3/2008 23:18
561,5,5174,12/25/2007 23:18,1/8/2008 23:18
561,10,6695,12/30/2007 23:18,1/13/2008 23:18
562,4,4875,12/28/2007 23:18,1/11/2008 23:18
562,9,6396,12/22/2007 23:18,1/5/2008 23:18
563,3,4576,12/29/2007 23:18,1/12/2008 23:18
563,8,6097,12/28/2007 23:18,1/11/2008 23:18
564,2,4277,12/28/2007 23:18,1/11/2008 23:18
564,7,5798,1/1/2008 23:18,1/15/2008 23:18
565,1,3978,12/25/2007 23:18,1/8/2008 23:18
565,6,5499,1/3/2008 23:18,1/17/2008 23:18
566,5,5200,1/3/2008 23:18,1/17/2008 23:18
566,10,6734,1/1/2008 23:18,1/15/2008 23:18
567,4,4901,1/1/2008 23:18,1/15/2008 23:18
567,9,6435,1/4/2008 23:18,1/18/2008 23:18
568,3,4602,12/28/2007 23:18,1/11/2008 23:18
568,8,6136,12/20/2007 23:18,1/3/2008 23:18
569,2,4303,12/22/2007 23:18,1/5/2008 23:18
569,7,5837,1/4/2008 23:18,1/18/2008 23:18
570,1,4004,12/30/2007 23:18,1/13/2008 23:18
570,6,5538,1/1/2008 23:18,1/15/2008 23:18
571,5,5239,12/27/2007 23:18,1/10/2008 23:18
571,10,6760,1/3/2008 23:18,1/17/2008 23:18
572,4,4940,12/20/2007 23:18,1/3/2008 23:18
572,9,6461,1/1/2008 23:18,1/15/2008 23:18
573,3,4641,12/27/2007 23:18,1/10/2008 23:18
573,8,6162,12/28/2007 23:18,1/11/2008 23:18
574,2,4342,1/1/2008 23:18,1/15/2008 23:18
574,7,5863,12/22/2007 23:18,1/5/2008 23:18
575,1,4043,1/4/2008 23:18,1/18/2008 23:18
575,6,5564,12/30/2007 23:18,1/13/2008 23:18
576,5,5265,12/20/2007 23:18,1/3/2008 23:18
576,10,6799,12/20/2007 23:18,1/3/2008 23:18
577,4,4966,12/24/2007 23:18,1/7/2008 23:18
577,9,6500,12/29/2007 23:18,1/12/2008 23:18
578,3,4667,12/26/2007 23:18,1/9/2008 23:18
578,8,6201,12/20/2007 23:18,1/3/2008 23:18
579,2,4368,12/26/2007 23:18,1/9/2008 23:18
579,7,5902,12/25/2007 23:18,1/8/2008 23:18
580,1,4069,12/24/2007 23:18,1/7/2008 23:18
580,6,5603,12/28/2007 23:18,1/11/2008 23:18
581,5,5304,12/29/2007 23:18,1/12/2008 23:18
581,10,6825,12/22/2007 23:18,1/5/2008 23:18
582,4,5005,12/28/2007 23:18,1/11/2008 23:18
582,9,6526,12/26/2007 23:18,1/9/2008 23:18
583,3,4706,12/25/2007 23:18,1/8/2008 23:18
583,8,6227,12/28/2007 23:18,1/11/2008 23:18
584,2,4407,12/20/2007 23:18,1/3/2008 23:18
584,7,5928,12/28/2007 23:18,1/11/2008 23:18
585,1,4108,12/29/2007 23:18,1/12/2008 23:18
585,6,5629,12/26/2007 23:18,1/9/2008 23:18
586,5,5330,12/22/2007 23:18,1/5/2008 23:18
586,10,6864,12/24/2007 23:18,1/7/2008 23:18
587,4,5031,1/1/2008 23:18,1/15/2008 23:18
587,9,6565,12/23/2007 23:18,1/6/2008 23:18
588,3,4732,12/24/2007 23:18,1/7/2008 23:18
588,8,6266,12/20/2007 23:18,1/3/2008 23:18
589,2,4433,12/30/2007 23:18,1/13/2008 23:18
589,7,5967,12/31/2007 23:18,1/14/2008 23:18
590,1,4134,1/3/2008 23:18,1/17/2008 23:18
590,6,5668,12/24/2007 23:18,1/7/2008 23:18
591,5,5369,12/31/2007 23:18,1/14/2008 23:18
591,10,6890,12/26/2007 23:18,1/9/2008 23:18
592,4,5070,12/20/2007 23:18,1/3/2008 23:18
592,9,6591,12/20/2007 23:18,1/3/2008 23:18
593,3,4771,12/23/2007 23:18,1/6/2008 23:18
593,8,6292,12/28/2007 23:18,1/11/2008 23:18
594,2,4472,12/24/2007 23:18,1/7/2008 23:18
594,7,5993,1/3/2008 23:18,1/17/2008 23:18
595,1,4173,12/23/2007 23:18,1/6/2008 23:18
595,6,5694,12/22/2007 23:18,1/5/2008 23:18
596,5,5395,12/24/2007 23:18,1/7/2008 23:18
596,10,6929,12/28/2007 23:18,1/11/2008 23:18
597,4,5096,12/24/2007 23:18,1/7/2008 23:18
597,9,6630,1/2/2008 23:18,1/16/2008 23:18
598,3,4797,12/22/2007 23:18,1/5/2008 23:18
598,8,6331,12/20/2007 23:18,1/3/2008 23:18
599,2,4498,1/3/2008 23:18,1/17/2008 23:18
599,7,6032,12/21/2007 23:18,1/4/2008 23:18
600,1,4199,12/28/2007 23:18,1/11/2008 23:18
600,6,5733,12/20/2007 23:18,1/3/2008 23:18
601,5,5434,1/2/2008 23:18,1/16/2008 23:18
601,10,6955,12/30/2007 23:18,1/13/2008 23:18
602,4,5135,12/28/2007 23:18,1/11/2008 23:18
602,9,6656,12/30/2007 23:18,1/13/2008 23:18
603,3,4836,12/21/2007 23:18,1/4/2008 23:18
603,8,6357,12/28/2007 23:18,1/11/2008 23:18
604,2,4537,12/28/2007 23:18,1/11/2008 23:18
604,7,6058,12/24/2007 23:18,1/7/2008 23:18
605,1,4238,1/2/2008 23:18,1/16/2008 23:18
605,6,5759,1/3/2008 23:18,1/17/2008 23:18
606,5,5460,12/26/2007 23:18,1/9/2008 23:18
606,10,6994,1/1/2008 23:18,1/15/2008 23:18
607,4,5161,1/1/2008 23:18,1/15/2008 23:18
607,9,6695,12/27/2007 23:18,1/10/2008 23:18
608,3,4862,12/20/2007 23:18,1/3/2008 23:18
608,8,6396,12/20/2007 23:18,1/3/2008 23:18
609,2,4563,12/22/2007 23:18,1/5/2008 23:18
609,7,6097,12/27/2007 23:18,1/10/2008 23:18
610,1,4264,12/22/2007 23:18,1/5/2008 23:18
610,6,5798,1/1/2008 23:18,1/15/2008 23:18
611,5,5499,1/4/2008 23:18,1/18/2008 23:18
611,10,7020,1/3/2008 23:18,1/17/2008 23:18
612,4,5200,12/20/2007 23:18,1/3/2008 23:18
612,9,6721,12/24/2007 23:18,1/7/2008 23:18
613,3,4901,1/4/2008 23:18,1/18/2008 23:18
613,8,6422,12/28/2007 23:18,1/11/2008 23:18
614,2,4602,1/1/2008 23:18,1/15/2008 23:18
614,7,6123,12/30/2007 23:18,1/13/2008 23:18
615,1,4303,12/27/2007 23:18,1/10/2008 23:18
615,6,5824,12/30/2007 23:18,1/13/2008 23:18
616,5,5525,12/28/2007 23:18,1/11/2008 23:18
616,10,7059,12/20/2007 23:18,1/3/2008 23:18
617,4,5226,12/24/2007 23:18,1/7/2008 23:18
617,9,6760,12/21/2007 23:18,1/4/2008 23:18
618,3,4927,1/3/2008 23:18,1/17/2008 23:18
618,8,6461,12/20/2007 23:18,1/3/2008 23:18
619,2,4628,12/26/2007 23:18,1/9/2008 23:18
619,7,6162,1/2/2008 23:18,1/16/2008 23:18
620,1,4329,1/1/2008 23:18,1/15/2008 23:18
620,6,5863,12/28/2007 23:18,1/11/2008 23:18
621,5,5564,12/21/2007 23:18,1/4/2008 23:18
621,10,7085,12/22/2007 23:18,1/5/2008 23:18
622,4,5265,12/28/2007 23:18,1/11/2008 23:18
622,9,6786,1/3/2008 23:18,1/17/2008 23:18
623,3,4966,1/2/2008 23:18,1/16/2008 23:18
623,8,6487,12/28/2007 23:18,1/11/2008 23:18
624,2,4667,12/20/2007 23:18,1/3/2008 23:18
624,7,6188,12/20/2007 23:18,1/3/2008 23:18
625,1,4368,12/21/2007 23:18,1/4/2008 23:18
625,6,5889,12/26/2007 23:18,1/9/2008 23:18
626,5,5590,12/30/2007 23:18,1/13/2008 23:18
626,10,7124,12/24/2007 23:18,1/7/2008 23:18
627,4,5291,1/1/2008 23:18,1/15/2008 23:18
627,9,6825,12/31/2007 23:18,1/14/2008 23:18
628,3,4992,1/1/2008 23:18,1/15/2008 23:18
628,8,6526,12/20/2007 23:18,1/3/2008 23:18
629,2,4693,12/30/2007 23:18,1/13/2008 23:18
629,7,6227,12/23/2007 23:18,1/6/2008 23:18
630,1,4394,12/26/2007 23:18,1/9/2008 23:18
630,6,5928,12/24/2007 23:18,1/7/2008 23:18
631,5,5629,12/23/2007 23:18,1/6/2008 23:18
631,10,7150,12/26/2007 23:18,1/9/2008 23:18
632,4,5330,12/20/2007 23:18,1/3/2008 23:18
632,9,6851,12/28/2007 23:18,1/11/2008 23:18
633,3,5031,12/31/2007 23:18,1/14/2008 23:18
633,8,6552,12/28/2007 23:18,1/11/2008 23:18
634,2,4732,12/24/2007 23:18,1/7/2008 23:18
634,7,6253,12/26/2007 23:18,1/9/2008 23:18
635,1,4433,12/31/2007 23:18,1/14/2008 23:18
635,6,5954,12/22/2007 23:18,1/5/2008 23:18
636,5,5655,1/1/2008 23:18,1/15/2008 23:18
636,10,7189,12/28/2007 23:18,1/11/2008 23:18
637,4,5356,12/24/2007 23:18,1/7/2008 23:18
637,9,6890,12/25/2007 23:18,1/8/2008 23:18
638,3,5057,12/30/2007 23:18,1/13/2008 23:18
638,8,6591,12/20/2007 23:18,1/3/2008 23:18
639,2,4758,1/3/2008 23:18,1/17/2008 23:18
639,7,6292,12/29/2007 23:18,1/12/2008 23:18
640,1,4459,12/20/2007 23:18,1/3/2008 23:18
640,6,5993,12/20/2007 23:18,1/3/2008 23:18
641,5,5694,12/25/2007 23:18,1/8/2008 23:18
641,10,7215,12/30/2007 23:18,1/13/2008 23:18
642,4,5395,12/28/2007 23:18,1/11/2008 23:18
642,9,6916,12/22/2007 23:18,1/5/2008 23:18
643,3,5096,12/29/2007 23:18,1/12/2008 23:18
643,8,6617,12/28/2007 23:18,1/11/2008 23:18
644,2,4797,12/28/2007 23:18,1/11/2008 23:18
644,7,6318,1/1/2008 23:18,1/15/2008 23:18
645,1,4498,12/25/2007 23:18,1/8/2008 23:18
645,6,6019,1/3/2008 23:18,1/17/2008 23:18
646,5,5720,1/3/2008 23:18,1/17/2008 23:18
646,10,7254,1/1/2008 23:18,1/15/2008 23:18
647,4,5421,1/1/2008 23:18,1/15/2008 23:18
647,9,6955,1/4/2008 23:18,1/18/2008 23:18
648,3,5122,12/28/2007 23:18,1/11/2008 23:18
648,8,6656,12/20/2007 23:18,1/3/2008 23:18
649,2,4823,12/22/2007 23:18,1/5/2008 23:18
649,7,6357,1/4/2008 23:18,1/18/2008 23:18
650,1,4524,12/30/2007 23:18,1/13/2008 23:18
650,6,6058,1/1/2008 23:18,1/15/2008 23:18
651,5,5759,12/27/2007 23:18,1/10/2008 23:18
651,10,7280,1/3/2008 23:18,1/17/2008 23:18
652,4,5460,12/20/2007 23:18,1/3/2008 23:18
652,9,6981,1/1/2008 23:18,1/15/2008 23:18
653,3,5161,12/27/2007 23:18,1/10/2008 23:18
653,8,6682,12/28/2007 23:18,1/11/2008 23:18
654,2,4862,1/1/2008 23:18,1/15/2008 23:18
654,7,6383,12/22/2007 23:18,1/5/2008 23:18
655,1,4563,1/4/2008 23:18,1/18/2008 23:18
655,6,6084,12/30/2007 23:18,1/13/2008 23:18
656,5,5785,12/20/2007 23:18,1/3/2008 23:18
656,10,7319,12/20/2007 23:18,1/3/2008 23:18
657,4,5486,12/24/2007 23:18,1/7/2008 23:18
657,9,7020,12/29/2007 23:18,1/12/2008 23:18
658,3,5187,12/26/2007 23:18,1/9/2008 23:18
658,8,6721,12/20/2007 23:18,1/3/2008 23:18
659,2,4888,12/26/2007 23:18,1/9/2008 23:18
659,7,6422,12/25/2007 23:18,1/8/2008 23:18
660,1,4589,12/24/2007 23:18,1/7/2008 23:18
660,6,6123,12/28/2007 23:18,1/11/2008 23:18
661,5,5824,12/29/2007 23:18,1/12/2008 23:18
661,10,7345,12/22/2007 23:18,1/5/2008 23:18
662,4,5525,12/28/2007 23:18,1/11/2008 23:18
662,9,7046,12/26/2007 23:18,1/9/2008 23:18
663,3,5226,12/25/2007 23:18,1/8/2008 23:18
663,8,6747,12/28/2007 23:18,1/11/2008 23:18
664,2,4927,12/20/2007 23:18,1/3/2008 23:18
664,7,6448,12/28/2007 23:18,1/11/2008 23:18
665,1,4628,12/29/2007 23:18,1/12/2008 23:18
665,6,6149,12/26/2007 23:18,1/9/2008 23:18
666,5,5850,12/22/2007 23:18,1/5/2008 23:18
666,10,7384,12/24/2007 23:18,1/7/2008 23:18
667,4,5551,1/1/2008 23:18,1/15/2008 23:18
667,9,7085,12/23/2007 23:18,1/6/2008 23:18
668,3,5252,12/24/2007 23:18,1/7/2008 23:18
668,8,6786,12/20/2007 23:18,1/3/2008 23:18
669,2,4953,12/30/2007 23:18,1/13/2008 23:18
669,7,6487,12/31/2007 23:18,1/14/2008 23:18
670,1,4654,1/3/2008 23:18,1/17/2008 23:18
670,6,6188,12/24/2007 23:18,1/7/2008 23:18
671,5,5889,12/31/2007 23:18,1/14/2008 23:18
671,10,7410,12/26/2007 23:18,1/9/2008 23:18
672,4,5590,12/20/2007 23:18,1/3/2008 23:18
672,9,7111,12/20/2007 23:18,1/3/2008 23:18
673,3,5291,12/23/2007 23:18,1/6/2008 23:18
673,8,6812,12/28/2007 23:18,1/11/2008 23:18
674,2,4992,12/24/2007 23:18,1/7/2008 23:18
674,7,6513,1/3/2008 23:18,1/17/2008 23:18
675,1,4693,12/23/2007 23:18,1/6/2008 23:18
675,6,6214,12/22/2007 23:18,1/5/2008 23:18
676,5,5915,12/24/2007 23:18,1/7/2008 23:18
676,10,7449,12/28/2007 23:18,1/11/2008 23:18
677,4,5616,12/24/2007 23:18,1/7/2008 23:18
677,9,7150,1/2/2008 23:18,1/16/2008 23:18
678,3,5317,12/22/2007 23:18,1/5/2008 23:18
678,8,6851,12/20/2007 23:18,1/3/2008 23:18
679,2,5018,1/3/2008 23:18,1/17/2008 23:18
679,7,6552,12/21/2007 23:18,1/4/2008 23:18
680,1,4719,12/28/2007 23:18,1/11/2008 23:18
680,6,6253,12/20/2007 23:18,1/3/2008 23:18
681,5,5954,1/2/2008 23:18,1/16/2008 23:18
681,10,7475,12/30/2007 23:18,1/13/2008 23:18
682,4,5655,12/28/2007 23:18,1/11/2008 23:18
682,9,7176,12/30/2007 23:18,1/13/2008 23:18
683,3,5356,12/21/2007 23:18,1/4/2008 23:18
683,8,6877,12/28/2007 23:18,1/11/2008 23:18
684,2,5057,12/28/2007 23:18,1/11/2008 23:18
684,7,6578,12/24/2007 23:18,1/7/2008 23:18
685,1,4758,1/2/2008 23:18,1/16/2008 23:18
685,6,6279,1/3/2008 23:18,1/17/2008 23:18
686,5,5980,12/26/2007 23:18,1/9/2008 23:18
686,10,7514,1/1/2008 23:18,1/15/2008 23:18
687,4,5681,1/1/2008 23:18,1/15/2008 23:18
687,9,7215,12/27/2007 23:18,1/10/2008 23:18
688,3,5382,12/20/2007 23:18,1/3/2008 23:18
688,8,6916,12/20/2007 23:18,1/3/2008 23:18
689,2,5083,12/22/2007 23:18,1/5/2008 23:18
689,7,6617,12/27/2007 23:18,1/10/2008 23:18
690,1,4784,12/22/2007 23:18,1/5/2008 23:18
690,6,6318,1/1/2008 23:18,1/15/2008 23:18
691,5,6019,1/4/2008 23:18,1/18/2008 23:18
691,10,7540,1/3/2008 23:18,1/17/2008 23:18
692,4,5720,12/20/2007 23:18,1/3/2008 23:18
692,9,7241,12/24/2007 23:18,1/7/2008 23:18
693,3,5421,1/4/2008 23:18,1/18/2008 23:18
693,8,6942,12/28/2007 23:18,1/11/2008 23:18
694,2,5122,1/1/2008 23:18,1/15/2008 23:18
694,7,6643,12/30/2007 23:18,1/13/2008 23:18
695,1,4823,12/27/2007 23:18,1/10/2008 23:18
695,6,6344,12/30/2007 23:18,1/13/2008 23:18
696,5,6045,12/28/2007 23:18,1/11/2008 23:18
696,10,7579,12/20/2007 23:18,1/3/2008 23:18
697,4,5746,12/24/2007 23:18,1/7/2008 23:18
697,9,7280,12/21/2007 23:18,1/4/2008 23:18
698,3,5447,1/3/2008 23:18,1/17/2008 23:18
698,8,6981,12/20/2007 23:18,1/3/2008 23:18
699,2,5148,12/26/2007 23:18,1/9/2008 23:18
699,7,6682,1/2/2008 23:18,1/16/2008 23:18
700,1,4849,1/1/2008 23:18,1/15/2008 23:18
700,6,6383,12/28/2007 23:18,1/11/2008 23:18
701,5,6084,12/21/2007 23:18,1/4/2008 23:18
701,10,7605,12/22/2007 23:18,1/5/2008 23:18
702,4,5785,12/28/2007 23:18,1/11/2008 23:18
702,9,7306,1/3/2008 23:18,1/17/2008 23:18
703,3,5486,1/2/2008 23:18,1/16/2008 23:18
703,8,7007,12/28/2007 23:18,1/11/2008 23:18
704,2,5187,12/20/2007 23:18,1/3/2008 23:18
704,7,6708,12/20/2007 23:18,1/3/2008 23:18
705,1,4888,12/21/2007 23:18,1/4/2008 23:18
705,6,6409,12/26/2007 23:18,1/9/2008 23:18
706,5,6110,12/30/2007 23:18,1/13/2008 23:18
706,10,7644,12/24/2007 23:18,1/7/2008 23:18
707,4,5811,1/1/2008 23:18,1/15/2008 23:18
707,9,7345,12/31/2007 23:18,1/14/2008 23:18
708,3,5512,1/1/2008 23:18,1/15/2008 23:18
708,8,7046,12/20/2007 23:18,1/3/2008 23:18
709,2,5213,12/30/2007 23:18,1/13/2008 23:18
709,7,6747,12/23/2007 23:18,1/6/2008 23:18
710,1,4914,12/26/2007 23:18,1/9/2008 23:18
710,6,6448,12/24/2007 23:18,1/7/2008 23:18
711,5,6149,12/23/2007 23:18,1/6/2008 23:18
711,10,7670,12/26/2007 23:18,1/9/2008 23:18
712,4,5850,12/20/2007 23:18,1/3/2008 23:18
712,9,7371,12/28/2007 23:18,1/11/2008 23:18
713,3,5551,12/31/2007 23:18,1/14/2008 23:18
713,8,7072,12/28/2007 23:18,1/11/2008 23:18
714,2,5252,12/24/2007 23:18,1/7/2008 23:18
714,7,6773,12/26/2007 23:18,1/9/2008 23:18
715,1,4953,12/31/2007 23:18,1/14/2008 23:18
715,6,6474,12/22/2007 23:18,1/5/2008 23:18
716,5,6175,1/1/2008 23:18,1/15/2008 23:18
716,10,7709,12/28/2007 23:18,1/11/2008 23:18
717,4,5876,12/24/2007 23:18,1/7/2008 23:18
717,9,7410,12/25/2007 23:18,1/8/2008 23:18
718,3,5577,12/30/2007 23:18,1/13/2008 23:18
718,8,7111,12/20/2007 23:18,1/3/2008 23:18
719,2,5278,1/3/2008 23:18,1/17/2008 23:18
719,7,6812,12/29/2007 23:18,1/12/2008 23:18
720,1,4979,12/20/2007 23:18,1/3/2008 23:18
720,6,6513,12/20/2007 23:18,1/3/2008 23:18
721,5,6214,12/25/2007 23:18,1/8/2008 23:18
721,10,7735,12/30/2007 23:18,1/13/2008 23:18
722,4,5915,12/28/2007 23:18,1/11/2008 23:18
722,9,7436,12/22/2007 23:18,1/5/2008 23:18
723,3,5616,12/29/2007 23:18,1/12/2008 23:18
723,8,7137,12/28/2007 23:18,1/11/2008 23:18
724,2,5317,12/28/2007 23:18,1/11/2008 23:18
724,7,6838,1/1/2008 23:18,1/15/2008 23:18
725,1,5018,12/25/2007 23:18,1/8/2008 23:18
725,6,6539,1/3/2008 23:18,1/17/2008 23:18
726,5,6240,1/3/2008 23:18,1/17/2008 23:18
726,10,7774,1/1/2008 23:18,1/15/2008 23:18
727,4,5941,1/1/2008 23:18,1/15/2008 23:18
727,9,7475,1/4/2008 23:18,1/18/2008 23:18
728,3,5642,12/28/2007 23:18,1/11/2008 23:18
728,8,7176,12/20/2007 23:18,1/3/2008 23:18
729,2,5343,12/22/2007 23:18,1/5/2008 23:18
729,7,6877,1/4/2008 23:18,1/18/2008 23:18
730,1,5044,12/30/2007 23:18,1/13/2008 23:18
730,6,6578,1/1/2008 23:18,1/15/2008 23:18
731,5,6279,12/27/2007 23:18,1/10/2008 23:18
731,10,7800,1/3/2008 23:18,1/17/2008 23:18
732,4,5980,12/20/2007 23:18,1/3/2008 23:18
732,9,7501,1/1/2008 23:18,1/15/2008 23:18
733,3,5681,12/27/2007 23:18,1/10/2008 23:18
733,8,7202,12/28/2007 23:18,1/11/2008 23:18
734,2,5382,1/1/2008 23:18,1/15/2008 23:18
734,7,6903,12/22/2007 23:18,1/5/2008 23:18
735,1,5083,1/4/2008 23:18,1/18/2008 23:18
735,6,6604,12/30/2007 23:18,1/13/2008 23:18
736,5,6305,12/20/2007 23:18,1/3/2008 23:18
736,10,7839,12/20/2007 23:18,1/3/2008 23:18
737,4,6006,12/24/2007 23:18,1/7/2008 23:18
737,9,7540,12/29/2007 23:18,1/12/2008 23:18
738,3,5707,12/26/2007 23:18,1/9/2008 23:18
738,8,7241,12/20/2007 23:18,1/3/2008 23:18
739,2,5408,12/26/2007 23:18,1/9/2008 23:18
739,7,6942,12/25/2007 23:18,1/8/2008 23:18
740,1,5109,12/24/2007 23:18,1/7/2008 23:18
740,6,6643,12/28/2007 23:18,1/11/2008 23:18
741,5,6344,12/29/2007 23:18,1/12/2008 23:18
741,10,7865,12/22/2007 23:18,1/5/2008 23:18
742,4,6045,12/28/2007 23:18,1/11/2008 23:18
742,9,7566,12/26/2007 23:18,1/9/2008 23:18
743,3,5746,12/25/2007 23:18,1/8/2008 23:18
743,8,7267,12/28/2007 23:18,1/11/2008 23:18
744,2,5447,12/20/2007 23:18,1/3/2008 23:18
744,7,6968,12/28/2007 23:18,1/11/2008 23:18
745,1,5148,12/29/2007 23:18,1/12/2008 23:18
745,6,6669,12/26/2007 23:18,1/9/2008 23:18
746,5,6370,12/22/2007 23:18,1/5/2008 23:18
746,10,7904,12/24/2007 23:18,1/7/2008 23:18
747,4,6071,1/1/2008 23:18,1/15/2008 23:18
747,9,7605,12/23/2007 23:18,1/6/2008 23:18
748,3,5772,12/24/2007 23:18,1/7/2008 23:18
748,8,7306,12/20/2007 23:18,1/3/2008 23:18
749,2,5473,12/30/2007 23:18,1/13/2008 23:18
749,7,7007,12/31/2007 23:18,1/14/2008 23:18
750,1,5174,1/3/2008 23:18,1/17/2008 23:18
750,6,6708,12/24/2007 23:18,1/7/2008 23:18
751,5,6409,12/31/2007 23:18,1/14/2008 23:18
751,10,7930,12/26/2007 23:18,1/9/2008 23:18
752,4,6110,12/20/2007 23:18,1/3/2008 23:18
752,9,7631,12/20/2007 23:18,1/3/2008 23:18
753,3,5811,12/23/2007 23:18,1/6/2008 23:18
753,8,7332,12/28/2007 23:18,1/11/2008 23:18
754,2,5512,12/24/2007 23:18,1/7/2008 23:18
754,7,7033,1/3/2008 23:18,1/17/2008 23:18
755,1,5213,12/23/2007 23:18,1/6/2008 23:18
755,6,6734,12/22/2007 23:18,1/5/2008 23:18
756,5,6435,12/24/2007 23:18,1/7/2008 23:18
756,10,7969,12/28/2007 23:18,1/11/2008 23:18
757,4,6136,12/24/2007 23:18,1/7/2008 23:18
757,9,7670,1/2/2008 23:18,1/16/2008 23:18
758,3,5837,12/22/2007 23:18,1/5/2008 23:18
758,8,7371,12/20/2007 23:18,1/3/2008 23:18
759,2,5538,1/3/2008 23:18,1/17/2008 23:18
759,7,7072,12/21/2007 23:18,1/4/2008 23:18
760,1,5239,12/28/2007 23:18,1/11/2008 23:18
760,6,6773,12/20/2007 23:18,1/3/2008 23:18
761,5,6474,1/2/2008 23:18,1/16/2008 23:18
761,10,7995,12/30/2007 23:18,1/13/2008 23:18
762,4,6175,12/28/2007 23:18,1/11/2008 23:18
762,9,7696,12/30/2007 23:18,1/13/2008 23:18
763,3,5876,12/21/2007 23:18,1/4/2008 23:18
763,8,7397,12/28/2007 23:18,1/11/2008 23:18
764,2,5577,12/28/2007 23:18,1/11/2008 23:18
764,7,7098,12/24/2007 23:18,1/7/2008 23:18
765,1,5278,1/2/2008 23:18,1/16/2008 23:18
765,6,6799,1/3/2008 23:18,1/17/2008 23:18
766,5,6500,12/26/2007 23:18,1/9/2008 23:18
766,10,8034,1/1/2008 23:18,1/15/2008 23:18
767,4,6201,1/1/2008 23:18,1/15/2008 23:18
767,9,7735,12/27/2007 23:18,1/10/2008 23:18
768,3,5902,12/20/2007 23:18,1/3/2008 23:18
768,8,7436,12/20/2007 23:18,1/3/2008 23:18
769,2,5603,12/22/2007 23:18,1/5/2008 23:18
769,7,7137,12/27/2007 23:18,1/10/2008 23:18
770,1,5304,12/22/2007 23:18,1/5/2008 23:18
770,6,6838,1/1/2008 23:18,1/15/2008 23:18
771,5,6539,1/4/2008 23:18,1/18/2008 23:18
771,10,8060,1/3/2008 23:18,1/17/2008 23:18
772,4,6240,12/20/2007 23:18,1/3/2008 23:18
772,9,7761,12/24/2007 23:18,1/7/2008 23:18
773,3,5941,1/4/2008 23:18,1/18/2008 23:18
773,8,7462,12/28/2007 23:18,1/11/2008 23:18
774,2,5642,1/1/2008 23:18,1/15/2008 23:18
774,7,7163,12/30/2007 23:18,1/13/2008 23:18
775,1,5343,12/27/2007 23:18,1/10/2008 23:18
775,6,6864,12/30/2007 23:18,1/13/2008 23:18
776,5,6565,12/28/2007 23:18,1/11/2008 23:18
776,10,8099,12/20/2007 23:18,1/3/2008 23:18
777,4,6266,12/24/2007 23:18,1/7/2008 23:18
777,9,7800,12/21/2007 23:18,1/4/2008 23:18
778,3,5967,1/3/2008 23:18,1/17/2008 23:18
778,8,7501,12/20/2007 23:18,1/3/2008 23:18
779,2,5668,12/26/2007 23:18,1/9/2008 23:18
779,7,7202,1/2/2008 23:18,1/16/2008 23:18
780,1,5369,1/1/2008 23:18,1/15/2008 23:18
780,6,6903,12/28/2007 23:18,1/11/2008 23:18
781,5,6604,12/21/2007 23:18,1/4/2008 23:18
781,10,8125,12/22/2007 23:18,1/5/2008 23:18
782,4,6305,12/28/2007 23:18,1/11/2008 23:18
782,9,7826,1/3/2008 23:18,1/17/2008 23:18
783,3,6006,1/2/2008 23:18,1/16/2008 23:18
783,8,7527,12/28/2007 23:18,1/11/2008 23:18
784,2,5707,12/20/2007 23:18,1/3/2008 23:18
784,7,7228,12/20/2007 23:18,1/3/2008 23:18
785,1,5408,12/21/2007 23:18,1/4/2008 23:18
785,6,6929,12/26/2007 23:18,1/9/2008 23:18
786,5,6630,12/30/2007 23:18,1/13/2008 23:18
786,10,8164,12/24/2007 23:18,1/7/2008 23:18
787,4,6331,1/1/2008 23:18,1/15/2008 23:18
787,9,7865,12/31/2007 23:18,1/14/2008 23:18
788,3,6032,1/1/2008 23:18,1/15/2008 23:18
788,8,7566,12/20/2007 23:18,1/3/2008 23:18
789,2,5733,12/30/2007 23:18,1/13/2008 23:18
789,7,7267,12/23/2007 23:18,1/6/2008 23:18
790,1,5434,12/26/2007 23:18,1/9/2008 23:18
790,6,6968,12/24/2007 23:18,1/7/2008 23:18
791,5,6669,12/23/2007 23:18,1/6/2008 23:18
791,10,8190,12/26/2007 23:18,1/9/2008 23:18
792,4,6370,12/20/2007 23:18,1/3/2008 23:18
792,9,7891,12/28/2007 23:18,1/11/2008 23:18
793,3,6071,12/31/2007 23:18,1/14/2008 23:18
793,8,7592,12/28/2007 23:18,1/11/2008 23:18
794,2,5772,12/24/2007 23:18,1/7/2008 23:18
794,7,7293,12/26/2007 23:18,1/9/2008 23:18
795,1,5473,12/31/2007 23:18,1/14/2008 23:18
795,6,6994,12/22/2007 23:18,1/5/2008 23:18
796,5,6695,1/1/2008 23:18,1/15/2008 23:18
796,10,8229,12/28/2007 23:18,1/11/2008 23:18
797,4,6396,12/24/2007 23:18,1/7/2008 23:18
797,9,7930,12/25/2007 23:18,1/8/2008 23:18
798,3,6097,12/30/2007 23:18,1/13/2008 23:18
798,8,7631,12/20/2007 23:18,1/3/2008 23:18
799,2,5798,1/3/2008 23:18,1/17/2008 23:18
799,7,7332,12/29/2007 23:18,1/12/2008 23:18
800,1,5499,12/20/2007 23:18,1/3/2008 23:18
800,6,7033,12/20/2007 23:18,1/3/2008 23:18
801,5,6734,12/25/2007 23:18,1/8/2008 23:18
801,10,8255,12/30/2007 23:18,1/13/2008 23:18
802,4,6435,12/28/2007 23:18,1/11/2008 23:18
802,9,7956,12/22/2007 23:18,1/5/2008 23:18
803,3,6136,12/29/2007 23:18,1/12/2008 23:18
803,8,7657,12/28/2007 23:18,1/11/2008 23:18
804,2,5837,12/28/2007 23:18,1/11/2008 23:18
804,7,7358,1/1/2008 23:18,1/15/2008 23:18
805,1,5538,12/25/2007 23:18,1/8/2008 23:18
805,6,7059,1/3/2008 23:18,1/17/2008 23:18
806,5,6760,1/3/2008 23:18,1/17/2008 23:18
806,10,8294,1/1/2008 23:18,1/15/2008 23:18
807,4,6461,1/1/2008 23:18,1/15/2008 23:18
807,9,7995,1/4/2008 23:18,1/18/2008 23:18
808,3,6162,12/28/2007 23:18,1/11/2008 23:18
808,8,7696,12/20/2007 23:18,1/3/2008 23:18
809,2,5863,12/22/2007 23:18,1/5/2008 23:18
809,7,7397,1/4/2008 23:18,1/18/2008 23:18
810,1,5564,12/30/2007 23:18,1/13/2008 23:18
810,6,7098,1/1/2008 23:18,1/15/2008 23:18
811,5,6799,12/27/2007 23:18,1/10/2008 23:18
811,10,8320,1/3/2008 23:18,1/17/2008 23:18
812,4,6500,12/20/2007 23:18,1/3/2008 23:18
812,9,8021,1/1/2008 23:18,1/15/2008 23:18
813,3,6201,12/27/2007 23:18,1/10/2008 23:18
813,8,7722,12/28/2007 23:18,1/11/2008 23:18
814,2,5902,1/1/2008 23:18,1/15/2008 23:18
814,7,7423,12/22/2007 23:18,1/5/2008 23:18
815,1,5603,1/4/2008 23:18,1/18/2008 23:18
815,6,7124,12/30/2007 23:18,1/13/2008 23:18
816,5,6825,12/20/2007 23:18,1/3/2008 23:18
816,10,8359,12/20/2007 23:18,1/3/2008 23:18
817,4,6526,12/24/2007 23:18,1/7/2008 23:18
817,9,8060,12/29/2007 23:18,1/12/2008 23:18
818,3,6227,12/26/2007 23:18,1/9/2008 23:18
818,8,7761,12/20/2007 23:18,1/3/2008 23:18
819,2,5928,12/26/2007 23:18,1/9/2008 23:18
819,7,7462,12/25/2007 23:18,1/8/2008 23:18
820,1,5629,12/24/2007 23:18,1/7/2008 23:18
820,6,7163,12/28/2007 23:18,1/11/2008 23:18
821,5,6864,12/29/2007 23:18,1/12/2008 23:18
821,10,8385,12/22/2007 23:18,1/5/2008 23:18
822,4,6565,12/28/2007 23:18,1/11/2008 23:18
822,9,8086,12/26/2007 23:18,1/9/2008 23:18
823,3,6266,12/25/2007 23:18,1/8/2008 23:18
823,8,7787,12/28/2007 23:18,1/11/2008 23:18
824,2,5967,12/20/2007 23:18,1/3/2008 23:18
824,7,7488,12/28/2007 23:18,1/11/2008 23:18
825,1,5668,12/29/2007 23:18,1/12/2008 23:18
825,6,7189,12/26/2007 23:18,1/9/2008 23:18
826,5,6890,12/22/2007 23:18,1/5/2008 23:18
826,10,8424,12/24/2007 23:18,1/7/2008 23:18
827,4,6591,1/1/2008 23:18,1/15/2008 23:18
827,9,8125,12/23/2007 23:18,1/6/2008 23:18
828,3,6292,12/24/2007 23:18,1/7/2008 23:18
828,8,7826,12/20/2007 23:18,1/3/2008 23:18
829,2,5993,12/30/2007 23:18,1/13/2008 23:18
829,7,7527,12/31/2007 23:18,1/14/2008 23:18
830,1,5694,1/3/2008 23:18,1/17/2008 23:18
830,6,7228,12/24/2007 23:18,1/7/2008 23:18
831,5,6929,12/31/2007 23:18,1/14/2008 23:18
831,10,8450,12/26/2007 23:18,1/9/2008 23:18
832,4,6630,12/20/2007 23:18,1/3/2008 23:18
832,9,8151,12/20/2007 23:18,1/3/2008 23:18
833,3,6331,12/23/2007 23:18,1/6/2008 23:18
833,8,7852,12/28/2007 23:18,1/11/2008 23:18
834,2,6032,12/24/2007 23:18,1/7/2008 23:18
834,7,7553,1/3/2008 23:18,1/17/2008 23:18
835,1,5733,12/23/2007 23:18,1/6/2008 23:18
835,6,7254,12/22/2007 23:18,1/5/2008 23:18
836,5,6955,12/24/2007 23:18,1/7/2008 23:18
836,10,8489,12/28/2007 23:18,1/11/2008 23:18
837,4,6656,12/24/2007 23:18,1/7/2008 23:18
837,9,8190,1/2/2008 23:18,1/16/2008 23:18
838,3,6357,12/22/2007 23:18,1/5/2008 23:18
838,8,7891,12/20/2007 23:18,1/3/2008 23:18
839,2,6058,1/3/2008 23:18,1/17/2008 23:18
839,7,7592,12/21/2007 23:18,1/4/2008 23:18
840,1,5759,12/28/2007 23:18,1/11/2008 23:18
840,6,7293,12/20/2007 23:18,1/3/2008 23:18
841,5,6994,1/2/2008 23:18,1/16/2008 23:18
841,10,8515,12/30/2007 23:18,1/13/2008 23:18
842,4,6695,12/28/2007 23:18,1/11/2008 23:18
842,9,8216,12/30/2007 23:18,1/13/2008 23:18
843,3,6396,12/21/2007 23:18,1/4/2008 23:18
843,8,7917,12/28/2007 23:18,1/11/2008 23:18
844,2,6097,12/28/2007 23:18,1/11/2008 23:18
844,7,7618,12/24/2007 23:18,1/7/2008 23:18
845,1,5798,1/2/2008 23:18,1/16/2008 23:18
845,6,7319,1/3/2008 23:18,1/17/2008 23:18
846,5,7020,12/26/2007 23:18,1/9/2008 23:18
846,10,8554,1/1/2008 23:18,1/15/2008 23:18
847,4,6721,1/1/2008 23:18,1/15/2008 23:18
847,9,8255,12/27/2007 23:18,1/10/2008 23:18
848,3,6422,12/20/2007 23:18,1/3/2008 23:18
848,8,7956,12/20/2007 23:18,1/3/2008 23:18
849,2,6123,12/22/2007 23:18,1/5/2008 23:18
849,7,7657,12/27/2007 23:18,1/10/2008 23:18
850,1,5824,12/22/2007 23:18,1/5/2008 23:18
850,6,7358,1/1/2008 23:18,1/15/2008 23:18
851,5,7059,1/4/2008 23:18,1/18/2008 23:18
851,10,8580,1/3/2008 23:18,1/17/2008 23:18
852,4,6760,12/20/2007 23:18,1/3/2008 23:18
852,9,8281,12/24/2007 23:18,1/7/2008 23:18
853,3,6461,1/4/2008 23:18,1/18/2008 23:18
853,8,7982,12/28/2007 23:18,1/11/2008 23:18
854,2,6162,1/1/2008 23:18,1/15/2008 23:18
854,7,7683,12/30/2007 23:18,1/13/2008 23:18
855,1,5863,12/27/2007 23:18,1/10/2008 23:18
855,6,7384,12/30/2007 23:18,1/13/2008 23:18
856,5,7085,12/28/2007 23:18,1/11/2008 23:18
856,10,8619,12/20/2007 23:18,1/3/2008 23:18
857,4,6786,12/24/2007 23:18,1/7/2008 23:18
857,9,8320,12/21/2007 23:18,1/4/2008 23:18
858,3,6487,1/3/2008 23:18,1/17/2008 23:18
858,8,8021,12/20/2007 23:18,1/3/2008 23:18
859,2,6188,12/26/2007 23:18,1/9/2008 23:18
859,7,7722,1/2/2008 23:18,1/16/2008 23:18
860,1,5889,1/1/2008 23:18,1/15/2008 23:18
860,6,7423,12/28/2007 23:18,1/11/2008 23:18
861,5,7124,12/21/2007 23:18,1/4/2008 23:18
861,10,8645,12/22/2007 23:18,1/5/2008 23:18
862,4,6825,12/28/2007 23:18,1/11/2008 23:18
862,9,8346,1/3/2008 23:18,1/17/2008 23:18
863,3,6526,1/2/2008 23:18,1/16/2008 23:18
863,8,8047,12/28/2007 23:18,1/11/2008 23:18
864,2,6227,12/20/2007 23:18,1/3/2008 23:18
864,7,7748,12/20/2007 23:18,1/3/2008 23:18
865,1,5928,12/21/2007 23:18,1/4/2008 23:18
865,6,7449,12/26/2007 23:18,1/9/2008 23:18
866,5,7150,12/30/2007 23:18,1/13/2008 23:18
866,10,8684,12/24/2007 23:18,1/7/2008 23:18
867,4,6851,1/1/2008 23:18,1/15/2008 23:18
867,9,8385,12/31/2007 23:18,1/14/2008 23:18
868,3,6552,1/1/2008 23:18,1/15/2008 23:18
868,8,8086,12/20/2007 23:18,1/3/2008 23:18
869,2,6253,12/30/2007 23:18,1/13/2008 23:18
869,7,7787,12/23/2007 23:18,1/6/2008 23:18
870,1,5954,12/26/2007 23:18,1/9/2008 23:18
870,6,7488,12/24/2007 23:18,1/7/2008 23:18
871,5,7189,12/23/2007 23:18,1/6/2008 23:18
871,10,8710,12/26/2007 23:18,1/9/2008 23:18
872,4,6890,12/20/2007 23:18,1/3/2008 23:18
872,9,8411,12/28/2007 23:18,1/11/2008 23:18
873,3,6591,12/31/2007 23:18,1/14/2008 23:18
873,8,8112,12/28/2007 23:18,1/11/2008 23:18
874,2,6292,12/24/2007 23:18,1/7/2008 23:18
874,7,7813,12/26/2007 23:18,1/9/2008 23:18
875,1,5993,12/31/2007 23:18,1/14/2008 23:18
875,6,7514,12/22/2007 23:18,1/5/2008 23:18
876,5,7215,1/1/2008 23:18,1/15/2008 23:18
876,10,8749,12/28/2007 23:18,1/11/2008 23:18
877,4,6916,12/24/2007 23:18,1/7/2008 23:18
877,9,8450,12/25/2007 23:18,1/8/2008 23:18
878,3,6617,12/30/2007 23:18,1/13/2008 23:18
878,8,8151,12/20/2007 23:18,1/3/2008 23:18
879,2,6318,1/3/2008 23:18,1/17/2008 23:18
879,7,7852,12/29/2007 23:18,1/12/2008 23:18
880,1,6019,12/20/2007 23:18,1/3/2008 23:18
880,6,7553,12/20/2007 23:18,1/3/2008 23:18
881,5,7254,12/25/2007 23:18,1/8/2008 23:18
881,10,8775,12/30/2007 23:18,1/13/2008 23:18
882,4,6955,12/28/2007 23:18,1/11/2008 23:18
882,9,8476,12/22/2007 23:18,1/5/2008 23:18
883,3,6656,12/29/2007 23:18,1/12/2008 23:18
883,8,8177,12/28/2007 23:18,1/11/2008 23:18
884,2,6357,12/28/2007 23:18,1/11/2008 23:18
884,7,7878,1/1/2008 23:18,1/15/2008 23:18
885,1,6058,12/25/2007 23:18,1/8/2008 23:18
885,6,7579,1/3/2008 23:18,1/17/2008 23:18
886,5,7280,1/3/2008 23:18,1/17/2008 23:18
886,10,8814,1/1/2008 23:18,1/15/2008 23:18
887,4,6981,1/1/2008 23:18,1/15/2008 23:18
887,9,8515,1/4/2008 23:18,1/18/2008 23:18
888,3,6682,12/28/2007 23:18,1/11/2008 23:18
888,8,8216,12/20/2007 23:18,1/3/2008 23:18
889,2,6383,12/22/2007 23:18,1/5/2008 23:18
889,7,7917,1/4/2008 23:18,1/18/2008 23:18
890,1,6084,12/30/2007 23:18,1/13/2008 23:18
890,6,7618,1/1/2008 23:18,1/15/2008 23:18
891,5,7319,12/27/2007 23:18,1/10/2008 23:18
891,10,8840,1/3/2008 23:18,1/17/2008 23:18
892,4,7020,12/20/2007 23:18,1/3/2008 23:18
892,9,8541,1/1/2008 23:18,1/15/2008 23:18
893,3,6721,12/27/2007 23:18,1/10/2008 23:18
893,8,8242,12/28/2007 23:18,1/11/2008 23:18
894,2,6422,1/1/2008 23:18,1/15/2008 23:18
894,7,7943,12/22/2007 23:18,1/5/2008 23:18
895,1,6123,1/4/2008 23:18,1/18/2008 23:18
895,6,7644,12/30/2007 23:18,1/13/2008 23:18
896,5,7345,12/20/2007 23:18,1/3/2008 23:18
896,10,8879,12/20/2007 23:18,1/3/2008 23:18
897,4,7046,12/24/2007 23:18,1/7/2008 23:18
897,9,8580,12/29/2007 23:18,1/12/2008 23:18
898,3,6747,12/26/2007 23:18,1/9/2008 23:18
898,8,8281,12/20/2007 23:18,1/3/2008 23:18
899,2,6448,12/26/2007 23:18,1/9/2008 23:18
899,7,7982,12/25/2007 23:18,1/8/2008 23:18
900,1,6149,12/24/2007 23:18,1/7/2008 23:18
900,6,7683,12/28/2007 23:18,1/11/2008 23:18
901,5,7384,12/29/2007 23:18,1/12/2008 23:18
901,10,8905,12/22/2007 23:18,1/5/2008 23:18
902,4,7085,12/28/2007 23:18,1/11/2008 23:18
902,9,8606,12/26/2007 23:18,1/9/2008 23:18
903,3,6786,12/25/2007 23:18,1/8/2008 23:18
903,8,8307,12/28/2007 23:18,1/11/2008 23:18
904,2,6487,12/20/2007 23:18,1/3/2008 23:18
904,7,8008,12/28/2007 23:18,1/11/2008 23:18
905,1,6188,12/29/2007 23:18,1/12/2008 23:18
905,6,7709,12/26/2007 23:18,1/9/2008 23:18
906,5,7410,12/22/2007 23:18,1/5/2008 23:18
906,10,8944,12/24/2007 23:18,1/7/2008 23:18
907,4,7111,1/1/2008 23:18,1/15/2008 23:18
907,9,8645,12/23/2007 23:18,1/6/2008 23:18
908,3,6812,12/24/2007 23:18,1/7/2008 23:18
908,8,8346,12/20/2007 23:18,1/3/2008 23:18
909,2,6513,12/30/2007 23:18,1/13/2008 23:18
909,7,8047,12/31/2007 23:18,1/14/2008 23:18
910,1,6214,1/3/2008 23:18,1/17/2008 23:18
910,6,7748,12/24/2007 23:18,1/7/2008 23:18
911,5,7449,12/31/2007 23:18,1/14/2008 23:18
911,10,8970,12/26/2007 23:18,1/9/2008 23:18
912,4,7150,12/20/2007 23:18,1/3/2008 23:18
912,9,8671,12/20/2007 23:18,1/3/2008 23:18
913,3,6851,12/23/2007 23:18,1/6/2008 23:18
913,8,8372,12/28/2007 23:18,1/11/2008 23:18
914,2,6552,12/24/2007 23:18,1/7/2008 23:18
914,7,8073,1/3/2008 23:18,1/17/2008 23:18
915,1,6253,12/23/2007 23:18,1/6/2008 23:18
915,6,7774,12/22/2007 23:18,1/5/2008 23:18
916,5,7475,12/24/2007 23:18,1/7/2008 23:18
916,10,9009,12/28/2007 23:18,1/11/2008 23:18
917,4,7176,12/24/2007 23:18,1/7/2008 23:18
917,9,8710,1/2/2008 23:18,1/16/2008 23:18
918,3,6877,12/22/2007 23:18,1/5/2008 23:18
918,8,8411,12/20/2007 23:18,1/3/2008 23:18
919,2,6578,1/3/2008 23:18,1/17/2008 23:18
919,7,8112,12/21/2007 23:18,1/4/2008 23:18
920,1,6279,12/28/2007 23:18,1/11/2008 23:18
920,6,7813,12/20/2007 23:18,1/3/2008 23:18
921,5,7514,1/2/2008 23:18,1/16/2008 23:18
921,10,9035,12/30/2007 23:18,1/13/2008 23:18
922,4,7215,12/28/2007 23:18,1/11/2008 23:18
922,9,8736,12/30/2007 23:18,1/13/2008 23:18
923,3,6916,12/21/2007 23:18,1/4/2008 23:18
923,8,8437,12/28/2007 23:18,1/11/2008 23:18
924,2,6617,12/28/2007 23:18,1/11/2008 23:18
924,7,8138,12/24/2007 23:18,1/7/2008 23:18
925,1,6318,1/2/2008 23:18,1/16/2008 23:18
925,6,7839,1/3/2008 23:18,1/17/2008 23:18
926,5,7540,12/26/2007 23:18,1/9/2008 23:18
926,10,9074,1/1/2008 23:18,1/15/2008 23:18
927,4,7241,1/1/2008 23:18,1/15/2008 23:18
927,9,8775,12/27/2007 23:18,1/10/2008 23:18
928,3,6942,12/20/2007 23:18,1/3/2008 23:18
928,8,8476,12/20/2007 23:18,1/3/2008 23:18
929,2,6643,12/22/2007 23:18,1/5/2008 23:18
929,7,8177,12/27/2007 23:18,1/10/2008 23:18
930,1,6344,12/22/2007 23:18,1/5/2008 23:18
930,6,7878,1/1/2008 23:18,1/15/2008 23:18
931,5,7579,1/4/2008 23:18,1/18/2008 23:18
931,10,9100,1/3/2008 23:18,1/17/2008 23:18
932,4,7280,12/20/2007 23:18,1/3/2008 23:18
932,9,8801,12/24/2007 23:18,1/7/2008 23:18
933,3,6981,1/4/2008 23:18,1/18/2008 23:18
933,8,8502,12/28/2007 23:18,1/11/2008 23:18
934,2,6682,1/1/2008 23:18,1/15/2008 23:18
934,7,8203,12/30/2007 23:18,1/13/2008 23:18
935,1,6383,12/27/2007 23:18,1/10/2008 23:18
935,6,7904,12/30/2007 23:18,1/13/2008 23:18
936,5,7605,12/28/2007 23:18,1/11/2008 23:18
936,10,9139,12/20/2007 23:18,1/3/2008 23:18
937,4,7306,12/24/2007 23:18,1/7/2008 23:18
937,9,8840,12/21/2007 23:18,1/4/2008 23:18
938,3,7007,1/3/2008 23:18,1/17/2008 23:18
938,8,8541,12/20/2007 23:18,1/3/2008 23:18
939,2,6708,12/26/2007 23:18,1/9/2008 23:18
939,7,8242,1/2/2008 23:18,1/16/2008 23:18
940,1,6409,1/1/2008 23:18,1/15/2008 23:18
940,6,7943,12/28/2007 23:18,1/11/2008 23:18
941,5,7644,12/21/2007 23:18,1/4/2008 23:18
941,10,9165,12/22/2007 23:18,1/5/2008 23:18
942,4,7345,12/28/2007 23:18,1/11/2008 23:18
942,9,8866,1/3/2008 23:18,1/17/2008 23:18
943,3,7046,1/2/2008 23:18,1/16/2008 23:18
943,8,8567,12/28/2007 23:18,1/11/2008 23:18
944,2,6747,12/20/2007 23:18,1/3/2008 23:18
944,7,8268,12/20/2007 23:18,1/3/2008 23:18
945,1,6448,12/21/2007 23:18,1/4/2008 23:18
945,6,7969,12/26/2007 23:18,1/9/2008 23:18
946,5,7670,12/30/2007 23:18,1/13/2008 23:18
946,10,9204,12/24/2007 23:18,1/7/2008 23:18
947,4,7371,1/1/2008 23:18,1/15/2008 23:18
947,9,8905,12/31/2007 23:18,1/14/2008 23:18
948,3,7072,1/1/2008 23:18,1/15/2008 23:18
948,8,8606,12/20/2007 23:18,1/3/2008 23:18
949,2,6773,12/30/2007 23:18,1/13/2008 23:18
949,7,8307,12/23/2007 23:18,1/6/2008 23:18
950,1,6474,12/26/2007 23:18,1/9/2008 23:18
950,6,8008,12/24/2007 23:18,1/7/2008 23:18
951,5,7709,12/23/2007 23:18,1/6/2008 23:18
951,10,9230,12/26/2007 23:18,1/9/2008 23:18
952,4,7410,12/20/2007 23:18,1/3/2008 23:18
952,9,8931,12/28/2007 23:18,1/11/2008 23:18
953,3,7111,12/31/2007 23:18,1/14/2008 23:18
953,8,8632,12/28/2007 23:18,1/11/2008 23:18
954,2,6812,12/24/2007 23:18,1/7/2008 23:18
954,7,8333,12/26/2007 23:18,1/9/2008 23:18
955,1,6513,12/31/2007 23:18,1/14/2008 23:18
955,6,8034,12/22/2007 23:18,1/5/2008 23:18
956,5,7735,1/1/2008 23:18,1/15/2008 23:18
956,10,9269,12/28/2007 23:18,1/11/2008 23:18
957,4,7436,12/24/2007 23:18,1/7/2008 23:18
957,9,8970,12/25/2007 23:18,1/8/2008 23:18
958,3,7137,12/30/2007 23:18,1/13/2008 23:18
958,8,8671,12/20/2007 23:18,1/3/2008 23:18
959,2,6838,1/3/2008 23:18,1/17/2008 23:18
959,7,8372,12/29/2007 23:18,1/12/2008 23:18
960,1,6539,12/20/2007 23:18,1/3/2008 23:18
960,6,8073,12/20/2007 23:18,1/3/2008 23:18
961,5,7774,12/25/2007 23:18,1/8/2008 23:18
961,10,9295,12/30/2007 23:18,1/13/2008 23:18
962,4,7475,12/28/2007 23:18,1/11/2008 23:18
962,9,8996,12/22/2007 23:18,1/5/2008 23:18
963,3,7176,12/29/2007 23:18,1/12/2008 23:18
963,8,8697,12/28/2007 23:18,1/11/2008 23:18
964,2,6877,12/28/2007 23:18,1/11/2008 23:18
964,7,8398,1/1/2008 23:18,1/15/2008 23:18
965,1,6578,12/25/2007 23:18,1/8/2008 23:18
965,6,8099,1/3/2008 23:18,1/17/2008 23:18
966,5,7800,1/3/2008 23:18,1/17/2008 23:18
966,10,9334,1/1/2008 23:18,1/15/2008 23:18
967,4,7501,1/1/2008 23:18,1/15/2008 23:18
967,9,9035,1/4/2008 23:18,1/18/2008 23:18
968,3,7202,12/28/2007 23:18,1/11/2008 23:18
968,8,8736,12/20/2007 23:18,1/3/2008 23:18
969,2,6903,12/22/2007 23:18,1/5/2008 23:18
969,7,8437,1/4/2008 23:18,1/18/2008 23:18
970,1,6604,12/30/2007 23:18,1/13/2008 23:18
970,6,8138,1/1/2008 23:18,1/15/2008 23:18
971,5,7839,12/27/2007 23:18,1/10/2008 23:18
971,10,9360,1/3/2008 23:18,1/17/2008 23:18
972,4,7540,12/20/2007 23:18,1/3/2008 23:18
972,9,9061,1/1/2008 23:18,1/15/2008 23:18
973,3,7241,12/27/2007 23:18,1/10/2008 23:18
973,8,8762,12/28/2007 23:18,1/11/2008 23:18
974,2,6942,1/1/2008 23:18,1/15/2008 23:18
974,7,8463,12/22/2007 23:18,1/5/2008 23:18
975,1,6643,1/4/2008 23:18,1/18/2008 23:18
975,6,8164,12/30/2007 23:18,1/13/2008 23:18
976,5,7865,12/20/2007 23:18,1/3/2008 23:18
976,10,9399,12/20/2007 23:18,1/3/2008 23:18
977,4,7566,12/24/2007 23:18,1/7/2008 23:18
977,9,9100,12/29/2007 23:18,1/12/2008 23:18
978,3,7267,12/26/2007 23:18,1/9/2008 23:18
978,8,8801,12/20/2007 23:18,1/3/2008 23:18
979,2,6968,12/26/2007 23:18,1/9/2008 23:18
979,7,8502,12/25/2007 23:18,1/8/2008 23:18
980,1,6669,12/24/2007 23:18,1/7/2008 23:18
980,6,8203,12/28/2007 23:18,1/11/2008 23:18
981,5,7904,12/29/2007 23:18,1/12/2008 23:18
981,10,9425,12/22/2007 23:18,1/5/2008 23:18
982,4,7605,12/28/2007 23:18,1/11/2008 23:18
982,9,9126,12/26/2007 23:18,1/9/2008 23:18
983,3,7306,12/25/2007 23:18,1/8/2008 23:18
983,8,8827,12/28/2007 23:18,1/11/2008 23:18
984,2,7007,12/20/2007 23:18,1/3/2008 23:18
984,7,8528,12/28/2007 23:18,1/11/2008 23:18
985,1,6708,12/29/2007 23:18,1/12/2008 23:18
985,6,8229,12/26/2007 23:18,1/9/2008 23:18
986,5,7930,12/22/2007 23:18,1/5/2008 23:18
986,10,9464,12/24/2007 23:18,1/7/2008 23:18
987,4,7631,1/1/2008 23:18,1/15/2008 23:18
987,9,9165,12/23/2007 23:18,1/6/2008 23:18
988,3,7332,12/24/2007 23:18,1/7/2008 23:18
988,8,8866,12/20/2007 23:18,1/3/2008 23:18
989,2,7033,12/30/2007 23:18,1/13/2008 23:18
989,7,8567,12/31/2007 23:18,1/14/2008 23:18
990,1,6734,1/3/2008 23:18,1/17/2008 23:18
990,6,8268,12/24/2007 23:18,1/7/2008 23:18
991,5,7969,12/31/2007 23:18,1/14/2008 23:18
991,10,9490,12/26/2007 23:18,1/9/2008 23:18
992,4,7670,12/20/2007 23:18,1/3/2008 23:18
992,9,9191,12/20/2007 23:18,1/3/2008 23:18
993,3,7371,12/23/2007 23:18,1/6/2008 23:18
993,8,8892,12/28/2007 23:18,1/11/2008 23:18
994,2,7072,12/24/2007 23:18,1/7/2008 23:18
994,7,8593,1/3/2008 23:18,1/17/2008 23:18
995,1,6773,12/23/2007 23:18,1/6/2008 23:18
995,6,8294,12/22/2007 23:18,1/5/2008 23:18
996,5,7995,12/24/2007 23:18,1/7/2008 23:18
996,10,9529,12/28/2007 23:18,1/11/2008 23:18
997,4,7696,12/24/2007 23:18,1/7/2008 23:18
997,9,9230,1/2/2008 23:18,1/16/2008 23:18
998,3,7397,12/22/2007 23:18,1/5/2008 23:18
998,8,8931,12/20/2007 23:18,1/3/2008 23:18
999,2,7098,1/3/2008 23:18,1/17/2008 23:18
999,7,8632,12/21/2007 23:18,1/4/2008 23:18
1000,1,6799,12/28/2007 23:18,1/11/2008 23:18
1000,6,8333,12/20/2007 23:18,1/3/2008 23:18
